INSERT INTO listing_set VALUES('COL-6660969455580667904-1', 'listing-set', 'MY FIRST COLLECTION', null);
INSERT INTO listing_set VALUES('COL-6674328160706854912-3', 'listing-set', 'A wonderful thing to share',null);
INSERT INTO listing_set VALUES('COL-6674328315925463040-4', 'listing-set', 'You must look at these places',null);
INSERT INTO listing_set VALUES('COL-6676164866130223104-2', 'listing-set', 'A shared decision',null);
INSERT INTO listing_set VALUES('COL-6676165126244179968-4', 'named-query', 'Houses next to the beach','{}'::jsonb);
INSERT INTO listing_set VALUES('COL-6678692761003876352-4', 'listing-set', 'Downtown apartments', null);
INSERT INTO listing_set VALUES('COL-6678693117574242304-0', 'listing-set', 'My next condo',null);
INSERT INTO listing_set VALUES('COL-6678696629058134016-2', 'listing-set', 'Houses with pool',null);
INSERT INTO listing_set VALUES('COL-6678781611277541376-7', 'listing-set', 'Second bests',null);
INSERT INTO user_listing_set VALUES('UPC-6660969442702143488-7','COL-6660969455580667904-1');
INSERT INTO user_listing_set VALUES('UPC-6674328146090811392-8','COL-6674328160706854912-3');
INSERT INTO user_listing_set VALUES('UPC-6674328306892038144-2','COL-6674328160706854912-3');
INSERT INTO user_listing_set VALUES('UPC-6674328306892038144-2','COL-6674328315925463040-4');
INSERT INTO user_listing_set VALUES('UPC-6674328146090811392-8','COL-6674328315925463040-4');
INSERT INTO user_listing_set VALUES('UPC-6674328306892038144-2','COL-6676164866130223104-2');
INSERT INTO user_listing_set VALUES('UPC-6674328146090811392-8','COL-6676164866130223104-2');
INSERT INTO user_listing_set VALUES('UPC-6674328306892038144-2','COL-6676165126244179968-4');
INSERT INTO user_listing_set VALUES('UPC-6674328146090811392-8','COL-6676165126244179968-4');
INSERT INTO user_listing_set VALUES('UPC-6678692660500078592-1','COL-6678692761003876352-4');
INSERT INTO user_listing_set VALUES('UPC-6678693102202232832-0','COL-6678693117574242304-0');
INSERT INTO user_listing_set VALUES('UPC-6678696542841335808-0','COL-6678696629058134016-2');
INSERT INTO user_listing_set VALUES('UPC-6678781597539864576-0','COL-6678781611277541376-7');
INSERT INTO listing VALUES ('LST-6582785399804944384-3','{"letterbox":{},"street":{"name":"Nueces","suffix":"St"},"display":"360 Nueces St","streetName":"Nueces","streetNo":"360","streetSuffix":"St","streetDirection":null,"streetPostDirection":null,"unitNo":"1001","zipcode":"78701","zip4":null,"city":"Austin","state":"TX","stateLowerCase":"tx","cityLowerCase":"austin","cityAndStateLowerCase":"austin, tx","country":null}'::jsonb, 445000, 801, 1, 1.1, '{"https://matrixrets.abor.com/Rets/GetRetsMedia.ashx?Key=31926264&TableID=9&Type=1&Number=0&Size=5&usd=-1&ust=N5sAAI7WST*l9mCIsD*ijemBRouyM6B9ZdWCo8WV7fiH6XGLqthfRA))","https://matrixrets.abor.com/Rets/GetRetsMedia.ashx?Key=31926264&TableID=9&Type=1&Number=1&Size=5&usd=-1&ust=N5sAAI7WST*l9mCIsD*ijemBRouyM6B9ZdWCo8WV7fiH6XGLqthfRA))","https://matrixrets.abor.com/Rets/GetRetsMedia.ashx?Key=31926264&TableID=9&Type=1&Number=2&Size=5&usd=-1&ust=N5sAAI7WST*l9mCIsD*ijemBRouyM6B9ZdWCo8WV7fiH6XGLqthfRA))","https://matrixrets.abor.com/Rets/GetRetsMedia.ashx?Key=31926264&TableID=9&Type=1&Number=3&Size=5&usd=-1&ust=N5sAAI7WST*l9mCIsD*ijemBRouyM6B9ZdWCo8WV7fiH6XGLqthfRA))","https://matrixrets.abor.com/Rets/GetRetsMedia.ashx?Key=31926264&TableID=9&Type=1&Number=4&Size=5&usd=-1&ust=N5sAAI7WST*l9mCIsD*ijemBRouyM6B9ZdWCo8WV7fiH6XGLqthfRA))","https://matrixrets.abor.com/Rets/GetRetsMedia.ashx?Key=31926264&TableID=9&Type=1&Number=5&Size=5&usd=-1&ust=N5sAAI7WST*l9mCIsD*ijemBRouyM6B9ZdWCo8WV7fiH6XGLqthfRA))","https://matrixrets.abor.com/Rets/GetRetsMedia.ashx?Key=31926264&TableID=9&Type=1&Number=6&Size=5&usd=-1&ust=N5sAAI7WST*l9mCIsD*ijemBRouyM6B9ZdWCo8WV7fiH6XGLqthfRA))","https://matrixrets.abor.com/Rets/GetRetsMedia.ashx?Key=31926264&TableID=9&Type=1&Number=7&Size=5&usd=-1&ust=N5sAAI7WST*l9mCIsD*ijemBRouyM6B9ZdWCo8WV7fiH6XGLqthfRA))","https://matrixrets.abor.com/Rets/GetRetsMedia.ashx?Key=31926264&TableID=9&Type=1&Number=8&Size=5&usd=-1&ust=N5sAAI7WST*l9mCIsD*ijemBRouyM6B9ZdWCo8WV7fiH6XGLqthfRA))","https://matrixrets.abor.com/Rets/GetRetsMedia.ashx?Key=31926264&TableID=9&Type=1&Number=9&Size=5&usd=-1&ust=N5sAAI7WST*l9mCIsD*ijemBRouyM6B9ZdWCo8WV7fiH6XGLqthfRA))","https://matrixrets.abor.com/Rets/GetRetsMedia.ashx?Key=31926264&TableID=9&Type=1&Number=10&Size=5&usd=-1&ust=N5sAAI7WST*l9mCIsD*ijemBRouyM6B9ZdWCo8WV7fiH6XGLqthfRA))","https://matrixrets.abor.com/Rets/GetRetsMedia.ashx?Key=31926264&TableID=9&Type=1&Number=11&Size=5&usd=-1&ust=N5sAAI7WST*l9mCIsD*ijemBRouyM6B9ZdWCo8WV7fiH6XGLqthfRA))","https://matrixrets.abor.com/Rets/GetRetsMedia.ashx?Key=31926264&TableID=9&Type=1&Number=12&Size=5&usd=-1&ust=N5sAAI7WST*l9mCIsD*ijemBRouyM6B9ZdWCo8WV7fiH6XGLqthfRA))","https://matrixrets.abor.com/Rets/GetRetsMedia.ashx?Key=31926264&TableID=9&Type=1&Number=13&Size=5&usd=-1&ust=N5sAAI7WST*l9mCIsD*ijemBRouyM6B9ZdWCo8WV7fiH6XGLqthfRA))","https://matrixrets.abor.com/Rets/GetRetsMedia.ashx?Key=31926264&TableID=9&Type=1&Number=14&Size=5&usd=-1&ust=N5sAAI7WST*l9mCIsD*ijemBRouyM6B9ZdWCo8WV7fiH6XGLqthfRA))","https://matrixrets.abor.com/Rets/GetRetsMedia.ashx?Key=31926264&TableID=9&Type=1&Number=16&Size=5&usd=-1&ust=N5sAAI7WST*l9mCIsD*ijemBRouyM6B9ZdWCo8WV7fiH6XGLqthfRA))","https://matrixrets.abor.com/Rets/GetRetsMedia.ashx?Key=31926264&TableID=9&Type=1&Number=15&Size=5&usd=-1&ust=N5sAAI7WST*l9mCIsD*ijemBRouyM6B9ZdWCo8WV7fiH6XGLqthfRA))","https://matrixrets.abor.com/Rets/GetRetsMedia.ashx?Key=31926264&TableID=9&Type=1&Number=18&Size=5&usd=-1&ust=N5sAAI7WST*l9mCIsD*ijemBRouyM6B9ZdWCo8WV7fiH6XGLqthfRA))","https://matrixrets.abor.com/Rets/GetRetsMedia.ashx?Key=31926264&TableID=9&Type=1&Number=17&Size=5&usd=-1&ust=N5sAAI7WST*l9mCIsD*ijemBRouyM6B9ZdWCo8WV7fiH6XGLqthfRA))","https://matrixrets.abor.com/Rets/GetRetsMedia.ashx?Key=31926264&TableID=9&Type=1&Number=20&Size=5&usd=-1&ust=N5sAAI7WST*l9mCIsD*ijemBRouyM6B9ZdWCo8WV7fiH6XGLqthfRA))","https://matrixrets.abor.com/Rets/GetRetsMedia.ashx?Key=31926264&TableID=9&Type=1&Number=19&Size=5&usd=-1&ust=N5sAAI7WST*l9mCIsD*ijemBRouyM6B9ZdWCo8WV7fiH6XGLqthfRA))","https://matrixrets.abor.com/Rets/GetRetsMedia.ashx?Key=31926264&TableID=9&Type=1&Number=22&Size=5&usd=-1&ust=N5sAAI7WST*l9mCIsD*ijemBRouyM6B9ZdWCo8WV7fiH6XGLqthfRA))","https://matrixrets.abor.com/Rets/GetRetsMedia.ashx?Key=31926264&TableID=9&Type=1&Number=21&Size=5&usd=-1&ust=N5sAAI7WST*l9mCIsD*ijemBRouyM6B9ZdWCo8WV7fiH6XGLqthfRA))","https://matrixrets.abor.com/Rets/GetRetsMedia.ashx?Key=31926264&TableID=9&Type=1&Number=24&Size=5&usd=-1&ust=N5sAAI7WST*l9mCIsD*ijemBRouyM6B9ZdWCo8WV7fiH6XGLqthfRA))","https://matrixrets.abor.com/Rets/GetRetsMedia.ashx?Key=31926264&TableID=9&Type=1&Number=23&Size=5&usd=-1&ust=N5sAAI7WST*l9mCIsD*ijemBRouyM6B9ZdWCo8WV7fiH6XGLqthfRA))","https://matrixrets.abor.com/Rets/GetRetsMedia.ashx?Key=31926264&TableID=9&Type=1&Number=26&Size=5&usd=-1&ust=N5sAAI7WST*l9mCIsD*ijemBRouyM6B9ZdWCo8WV7fiH6XGLqthfRA))","https://matrixrets.abor.com/Rets/GetRetsMedia.ashx?Key=31926264&TableID=9&Type=1&Number=25&Size=5&usd=-1&ust=N5sAAI7WST*l9mCIsD*ijemBRouyM6B9ZdWCo8WV7fiH6XGLqthfRA))","https://matrixrets.abor.com/Rets/GetRetsMedia.ashx?Key=31926264&TableID=9&Type=1&Number=28&Size=5&usd=-1&ust=N5sAAI7WST*l9mCIsD*ijemBRouyM6B9ZdWCo8WV7fiH6XGLqthfRA))","https://matrixrets.abor.com/Rets/GetRetsMedia.ashx?Key=31926264&TableID=9&Type=1&Number=27&Size=5&usd=-1&ust=N5sAAI7WST*l9mCIsD*ijemBRouyM6B9ZdWCo8WV7fiH6XGLqthfRA))","https://matrixrets.abor.com/Rets/GetRetsMedia.ashx?Key=31926264&TableID=9&Type=1&Number=30&Size=5&usd=-1&ust=N5sAAI7WST*l9mCIsD*ijemBRouyM6B9ZdWCo8WV7fiH6XGLqthfRA))","https://matrixrets.abor.com/Rets/GetRetsMedia.ashx?Key=31926264&TableID=9&Type=1&Number=29&Size=5&usd=-1&ust=N5sAAI7WST*l9mCIsD*ijemBRouyM6B9ZdWCo8WV7fiH6XGLqthfRA))","https://matrixrets.abor.com/Rets/GetRetsMedia.ashx?Key=31926264&TableID=9&Type=1&Number=33&Size=5&usd=-1&ust=N5sAAI7WST*l9mCIsD*ijemBRouyM6B9ZdWCo8WV7fiH6XGLqthfRA))","https://matrixrets.abor.com/Rets/GetRetsMedia.ashx?Key=31926264&TableID=9&Type=1&Number=34&Size=5&usd=-1&ust=N5sAAI7WST*l9mCIsD*ijemBRouyM6B9ZdWCo8WV7fiH6XGLqthfRA))","https://matrixrets.abor.com/Rets/GetRetsMedia.ashx?Key=31926264&TableID=9&Type=1&Number=31&Size=5&usd=-1&ust=N5sAAI7WST*l9mCIsD*ijemBRouyM6B9ZdWCo8WV7fiH6XGLqthfRA))","https://matrixrets.abor.com/Rets/GetRetsMedia.ashx?Key=31926264&TableID=9&Type=1&Number=32&Size=5&usd=-1&ust=N5sAAI7WST*l9mCIsD*ijemBRouyM6B9ZdWCo8WV7fiH6XGLqthfRA))","https://matrixrets.abor.com/Rets/GetRetsMedia.ashx?Key=31926264&TableID=9&Type=1&Number=37&Size=5&usd=-1&ust=N5sAAI7WST*l9mCIsD*ijemBRouyM6B9ZdWCo8WV7fiH6XGLqthfRA))","https://matrixrets.abor.com/Rets/GetRetsMedia.ashx?Key=31926264&TableID=9&Type=1&Number=38&Size=5&usd=-1&ust=N5sAAI7WST*l9mCIsD*ijemBRouyM6B9ZdWCo8WV7fiH6XGLqthfRA))","https://matrixrets.abor.com/Rets/GetRetsMedia.ashx?Key=31926264&TableID=9&Type=1&Number=35&Size=5&usd=-1&ust=N5sAAI7WST*l9mCIsD*ijemBRouyM6B9ZdWCo8WV7fiH6XGLqthfRA))","https://matrixrets.abor.com/Rets/GetRetsMedia.ashx?Key=31926264&TableID=9&Type=1&Number=36&Size=5&usd=-1&ust=N5sAAI7WST*l9mCIsD*ijemBRouyM6B9ZdWCo8WV7fiH6XGLqthfRA))","https://matrixrets.abor.com/Rets/GetRetsMedia.ashx?Key=31926264&TableID=9&Type=1&Number=39&Size=5&usd=-1&ust=N5sAAI7WST*l9mCIsD*ijemBRouyM6B9ZdWCo8WV7fiH6XGLqthfRA))"}','Active');
INSERT INTO listing VALUES ('LST-6582789009921683460-9','{"letterbox":{},"street":{"name":"Lavaca","suffix":"St"},"display":"210 Lavaca St","streetName":"Lavaca","streetNo":"210","streetSuffix":"St","streetDirection":null,"streetPostDirection":null,"unitNo":"2404","zipcode":"78701","zip4":null,"city":"Austin","state":"TX","stateLowerCase":"tx","cityLowerCase":"austin","cityAndStateLowerCase":"austin, tx","country":null}'::jsonb, 960000, 1068, 2, 2.1, '{"https://matrixrets.abor.com/Rets/GetRetsMedia.ashx?Key=31848643&TableID=9&Type=1&Number=0&Size=5&usd=-1&ust=N5sAABTnST9UF1uicCrY(jUAiJN4bDzqLo2F(Ubhekyd3hSXf(Kn2w))","https://matrixrets.abor.com/Rets/GetRetsMedia.ashx?Key=31848643&TableID=9&Type=1&Number=1&Size=5&usd=-1&ust=N5sAABTnST9UF1uicCrY(jUAiJN4bDzqLo2F(Ubhekyd3hSXf(Kn2w))","https://matrixrets.abor.com/Rets/GetRetsMedia.ashx?Key=31848643&TableID=9&Type=1&Number=2&Size=5&usd=-1&ust=N5sAABTnST9UF1uicCrY(jUAiJN4bDzqLo2F(Ubhekyd3hSXf(Kn2w))","https://matrixrets.abor.com/Rets/GetRetsMedia.ashx?Key=31848643&TableID=9&Type=1&Number=3&Size=5&usd=-1&ust=N5sAABTnST9UF1uicCrY(jUAiJN4bDzqLo2F(Ubhekyd3hSXf(Kn2w))","https://matrixrets.abor.com/Rets/GetRetsMedia.ashx?Key=31848643&TableID=9&Type=1&Number=4&Size=5&usd=-1&ust=N5sAABTnST9UF1uicCrY(jUAiJN4bDzqLo2F(Ubhekyd3hSXf(Kn2w))","https://matrixrets.abor.com/Rets/GetRetsMedia.ashx?Key=31848643&TableID=9&Type=1&Number=5&Size=5&usd=-1&ust=N5sAABTnST9UF1uicCrY(jUAiJN4bDzqLo2F(Ubhekyd3hSXf(Kn2w))","https://matrixrets.abor.com/Rets/GetRetsMedia.ashx?Key=31848643&TableID=9&Type=1&Number=6&Size=5&usd=-1&ust=N5sAABTnST9UF1uicCrY(jUAiJN4bDzqLo2F(Ubhekyd3hSXf(Kn2w))","https://matrixrets.abor.com/Rets/GetRetsMedia.ashx?Key=31848643&TableID=9&Type=1&Number=7&Size=5&usd=-1&ust=N5sAABTnST9UF1uicCrY(jUAiJN4bDzqLo2F(Ubhekyd3hSXf(Kn2w))","https://matrixrets.abor.com/Rets/GetRetsMedia.ashx?Key=31848643&TableID=9&Type=1&Number=8&Size=5&usd=-1&ust=N5sAABTnST9UF1uicCrY(jUAiJN4bDzqLo2F(Ubhekyd3hSXf(Kn2w))","https://matrixrets.abor.com/Rets/GetRetsMedia.ashx?Key=31848643&TableID=9&Type=1&Number=9&Size=5&usd=-1&ust=N5sAABTnST9UF1uicCrY(jUAiJN4bDzqLo2F(Ubhekyd3hSXf(Kn2w))","https://matrixrets.abor.com/Rets/GetRetsMedia.ashx?Key=31848643&TableID=9&Type=1&Number=10&Size=5&usd=-1&ust=N5sAABTnST9UF1uicCrY(jUAiJN4bDzqLo2F(Ubhekyd3hSXf(Kn2w))","https://matrixrets.abor.com/Rets/GetRetsMedia.ashx?Key=31848643&TableID=9&Type=1&Number=11&Size=5&usd=-1&ust=N5sAABTnST9UF1uicCrY(jUAiJN4bDzqLo2F(Ubhekyd3hSXf(Kn2w))","https://matrixrets.abor.com/Rets/GetRetsMedia.ashx?Key=31848643&TableID=9&Type=1&Number=12&Size=5&usd=-1&ust=N5sAABTnST9UF1uicCrY(jUAiJN4bDzqLo2F(Ubhekyd3hSXf(Kn2w))","https://matrixrets.abor.com/Rets/GetRetsMedia.ashx?Key=31848643&TableID=9&Type=1&Number=13&Size=5&usd=-1&ust=N5sAABTnST9UF1uicCrY(jUAiJN4bDzqLo2F(Ubhekyd3hSXf(Kn2w))","https://matrixrets.abor.com/Rets/GetRetsMedia.ashx?Key=31848643&TableID=9&Type=1&Number=14&Size=5&usd=-1&ust=N5sAABTnST9UF1uicCrY(jUAiJN4bDzqLo2F(Ubhekyd3hSXf(Kn2w))","https://matrixrets.abor.com/Rets/GetRetsMedia.ashx?Key=31848643&TableID=9&Type=1&Number=16&Size=5&usd=-1&ust=N5sAABTnST9UF1uicCrY(jUAiJN4bDzqLo2F(Ubhekyd3hSXf(Kn2w))","https://matrixrets.abor.com/Rets/GetRetsMedia.ashx?Key=31848643&TableID=9&Type=1&Number=15&Size=5&usd=-1&ust=N5sAABTnST9UF1uicCrY(jUAiJN4bDzqLo2F(Ubhekyd3hSXf(Kn2w))","https://matrixrets.abor.com/Rets/GetRetsMedia.ashx?Key=31848643&TableID=9&Type=1&Number=18&Size=5&usd=-1&ust=N5sAABTnST9UF1uicCrY(jUAiJN4bDzqLo2F(Ubhekyd3hSXf(Kn2w))","https://matrixrets.abor.com/Rets/GetRetsMedia.ashx?Key=31848643&TableID=9&Type=1&Number=17&Size=5&usd=-1&ust=N5sAABTnST9UF1uicCrY(jUAiJN4bDzqLo2F(Ubhekyd3hSXf(Kn2w))","https://matrixrets.abor.com/Rets/GetRetsMedia.ashx?Key=31848643&TableID=9&Type=1&Number=20&Size=5&usd=-1&ust=N5sAABTnST9UF1uicCrY(jUAiJN4bDzqLo2F(Ubhekyd3hSXf(Kn2w))","https://matrixrets.abor.com/Rets/GetRetsMedia.ashx?Key=31848643&TableID=9&Type=1&Number=19&Size=5&usd=-1&ust=N5sAABTnST9UF1uicCrY(jUAiJN4bDzqLo2F(Ubhekyd3hSXf(Kn2w))","https://matrixrets.abor.com/Rets/GetRetsMedia.ashx?Key=31848643&TableID=9&Type=1&Number=22&Size=5&usd=-1&ust=N5sAABTnST9UF1uicCrY(jUAiJN4bDzqLo2F(Ubhekyd3hSXf(Kn2w))","https://matrixrets.abor.com/Rets/GetRetsMedia.ashx?Key=31848643&TableID=9&Type=1&Number=21&Size=5&usd=-1&ust=N5sAABTnST9UF1uicCrY(jUAiJN4bDzqLo2F(Ubhekyd3hSXf(Kn2w))"}','Active');
INSERT INTO listing VALUES ('LST-6582789011498139658-3','{"letterbox":{},"street":{"name":"Nueces","suffix":"St"},"display":"360 Nueces St","streetName":"Nueces","streetNo":"360","streetSuffix":"St","streetDirection":null,"streetPostDirection":null,"unitNo":"1109","zipcode":"78701","zip4":null,"city":"Austin","state":"TX","stateLowerCase":"tx","cityLowerCase":"austin","cityAndStateLowerCase":"austin, tx","country":null}'::jsonb, 449900, 744, 1, 1,  '{"https://matrixrets.abor.com/Rets/GetRetsMedia.ashx?Key=32456383&TableID=9&Type=1&Number=0&Size=5&usd=-1&ust=N5sAAPjVST8fGI493ag9*edH6VPE33i7(fJE9puL4Ao7kEdctX5LmA))","https://matrixrets.abor.com/Rets/GetRetsMedia.ashx?Key=32456383&TableID=9&Type=1&Number=1&Size=5&usd=-1&ust=N5sAAPjVST8fGI493ag9*edH6VPE33i7(fJE9puL4Ao7kEdctX5LmA))","https://matrixrets.abor.com/Rets/GetRetsMedia.ashx?Key=32456383&TableID=9&Type=1&Number=2&Size=5&usd=-1&ust=N5sAAPjVST8fGI493ag9*edH6VPE33i7(fJE9puL4Ao7kEdctX5LmA))","https://matrixrets.abor.com/Rets/GetRetsMedia.ashx?Key=32456383&TableID=9&Type=1&Number=3&Size=5&usd=-1&ust=N5sAAPjVST8fGI493ag9*edH6VPE33i7(fJE9puL4Ao7kEdctX5LmA))","https://matrixrets.abor.com/Rets/GetRetsMedia.ashx?Key=32456383&TableID=9&Type=1&Number=4&Size=5&usd=-1&ust=N5sAAPjVST8fGI493ag9*edH6VPE33i7(fJE9puL4Ao7kEdctX5LmA))","https://matrixrets.abor.com/Rets/GetRetsMedia.ashx?Key=32456383&TableID=9&Type=1&Number=5&Size=5&usd=-1&ust=N5sAAPjVST8fGI493ag9*edH6VPE33i7(fJE9puL4Ao7kEdctX5LmA))","https://matrixrets.abor.com/Rets/GetRetsMedia.ashx?Key=32456383&TableID=9&Type=1&Number=6&Size=5&usd=-1&ust=N5sAAPjVST8fGI493ag9*edH6VPE33i7(fJE9puL4Ao7kEdctX5LmA))","https://matrixrets.abor.com/Rets/GetRetsMedia.ashx?Key=32456383&TableID=9&Type=1&Number=7&Size=5&usd=-1&ust=N5sAAPjVST8fGI493ag9*edH6VPE33i7(fJE9puL4Ao7kEdctX5LmA))","https://matrixrets.abor.com/Rets/GetRetsMedia.ashx?Key=32456383&TableID=9&Type=1&Number=8&Size=5&usd=-1&ust=N5sAAPjVST8fGI493ag9*edH6VPE33i7(fJE9puL4Ao7kEdctX5LmA))","https://matrixrets.abor.com/Rets/GetRetsMedia.ashx?Key=32456383&TableID=9&Type=1&Number=9&Size=5&usd=-1&ust=N5sAAPjVST8fGI493ag9*edH6VPE33i7(fJE9puL4Ao7kEdctX5LmA))","https://matrixrets.abor.com/Rets/GetRetsMedia.ashx?Key=32456383&TableID=9&Type=1&Number=10&Size=5&usd=-1&ust=N5sAAPjVST8fGI493ag9*edH6VPE33i7(fJE9puL4Ao7kEdctX5LmA))","https://matrixrets.abor.com/Rets/GetRetsMedia.ashx?Key=32456383&TableID=9&Type=1&Number=11&Size=5&usd=-1&ust=N5sAAPjVST8fGI493ag9*edH6VPE33i7(fJE9puL4Ao7kEdctX5LmA))","https://matrixrets.abor.com/Rets/GetRetsMedia.ashx?Key=32456383&TableID=9&Type=1&Number=12&Size=5&usd=-1&ust=N5sAAPjVST8fGI493ag9*edH6VPE33i7(fJE9puL4Ao7kEdctX5LmA))","https://matrixrets.abor.com/Rets/GetRetsMedia.ashx?Key=32456383&TableID=9&Type=1&Number=13&Size=5&usd=-1&ust=N5sAAPjVST8fGI493ag9*edH6VPE33i7(fJE9puL4Ao7kEdctX5LmA))","https://matrixrets.abor.com/Rets/GetRetsMedia.ashx?Key=32456383&TableID=9&Type=1&Number=14&Size=5&usd=-1&ust=N5sAAPjVST8fGI493ag9*edH6VPE33i7(fJE9puL4Ao7kEdctX5LmA))","https://matrixrets.abor.com/Rets/GetRetsMedia.ashx?Key=32456383&TableID=9&Type=1&Number=16&Size=5&usd=-1&ust=N5sAAPjVST8fGI493ag9*edH6VPE33i7(fJE9puL4Ao7kEdctX5LmA))","https://matrixrets.abor.com/Rets/GetRetsMedia.ashx?Key=32456383&TableID=9&Type=1&Number=15&Size=5&usd=-1&ust=N5sAAPjVST8fGI493ag9*edH6VPE33i7(fJE9puL4Ao7kEdctX5LmA))","https://matrixrets.abor.com/Rets/GetRetsMedia.ashx?Key=32456383&TableID=9&Type=1&Number=18&Size=5&usd=-1&ust=N5sAAPjVST8fGI493ag9*edH6VPE33i7(fJE9puL4Ao7kEdctX5LmA))","https://matrixrets.abor.com/Rets/GetRetsMedia.ashx?Key=32456383&TableID=9&Type=1&Number=17&Size=5&usd=-1&ust=N5sAAPjVST8fGI493ag9*edH6VPE33i7(fJE9puL4Ao7kEdctX5LmA))","https://matrixrets.abor.com/Rets/GetRetsMedia.ashx?Key=32456383&TableID=9&Type=1&Number=20&Size=5&usd=-1&ust=N5sAAPjVST8fGI493ag9*edH6VPE33i7(fJE9puL4Ao7kEdctX5LmA))","https://matrixrets.abor.com/Rets/GetRetsMedia.ashx?Key=32456383&TableID=9&Type=1&Number=19&Size=5&usd=-1&ust=N5sAAPjVST8fGI493ag9*edH6VPE33i7(fJE9puL4Ao7kEdctX5LmA))","https://matrixrets.abor.com/Rets/GetRetsMedia.ashx?Key=32456383&TableID=9&Type=1&Number=22&Size=5&usd=-1&ust=N5sAAPjVST8fGI493ag9*edH6VPE33i7(fJE9puL4Ao7kEdctX5LmA))","https://matrixrets.abor.com/Rets/GetRetsMedia.ashx?Key=32456383&TableID=9&Type=1&Number=21&Size=5&usd=-1&ust=N5sAAPjVST8fGI493ag9*edH6VPE33i7(fJE9puL4Ao7kEdctX5LmA))","https://matrixrets.abor.com/Rets/GetRetsMedia.ashx?Key=32456383&TableID=9&Type=1&Number=24&Size=5&usd=-1&ust=N5sAAPjVST8fGI493ag9*edH6VPE33i7(fJE9puL4Ao7kEdctX5LmA))","https://matrixrets.abor.com/Rets/GetRetsMedia.ashx?Key=32456383&TableID=9&Type=1&Number=23&Size=5&usd=-1&ust=N5sAAPjVST8fGI493ag9*edH6VPE33i7(fJE9puL4Ao7kEdctX5LmA))","https://matrixrets.abor.com/Rets/GetRetsMedia.ashx?Key=32456383&TableID=9&Type=1&Number=26&Size=5&usd=-1&ust=N5sAAPjVST8fGI493ag9*edH6VPE33i7(fJE9puL4Ao7kEdctX5LmA))","https://matrixrets.abor.com/Rets/GetRetsMedia.ashx?Key=32456383&TableID=9&Type=1&Number=25&Size=5&usd=-1&ust=N5sAAPjVST8fGI493ag9*edH6VPE33i7(fJE9puL4Ao7kEdctX5LmA))","https://matrixrets.abor.com/Rets/GetRetsMedia.ashx?Key=32456383&TableID=9&Type=1&Number=28&Size=5&usd=-1&ust=N5sAAPjVST8fGI493ag9*edH6VPE33i7(fJE9puL4Ao7kEdctX5LmA))","https://matrixrets.abor.com/Rets/GetRetsMedia.ashx?Key=32456383&TableID=9&Type=1&Number=27&Size=5&usd=-1&ust=N5sAAPjVST8fGI493ag9*edH6VPE33i7(fJE9puL4Ao7kEdctX5LmA))","https://matrixrets.abor.com/Rets/GetRetsMedia.ashx?Key=32456383&TableID=9&Type=1&Number=30&Size=5&usd=-1&ust=N5sAAPjVST8fGI493ag9*edH6VPE33i7(fJE9puL4Ao7kEdctX5LmA))","https://matrixrets.abor.com/Rets/GetRetsMedia.ashx?Key=32456383&TableID=9&Type=1&Number=29&Size=5&usd=-1&ust=N5sAAPjVST8fGI493ag9*edH6VPE33i7(fJE9puL4Ao7kEdctX5LmA))","https://matrixrets.abor.com/Rets/GetRetsMedia.ashx?Key=32456383&TableID=9&Type=1&Number=33&Size=5&usd=-1&ust=N5sAAPjVST8fGI493ag9*edH6VPE33i7(fJE9puL4Ao7kEdctX5LmA))","https://matrixrets.abor.com/Rets/GetRetsMedia.ashx?Key=32456383&TableID=9&Type=1&Number=34&Size=5&usd=-1&ust=N5sAAPjVST8fGI493ag9*edH6VPE33i7(fJE9puL4Ao7kEdctX5LmA))","https://matrixrets.abor.com/Rets/GetRetsMedia.ashx?Key=32456383&TableID=9&Type=1&Number=31&Size=5&usd=-1&ust=N5sAAPjVST8fGI493ag9*edH6VPE33i7(fJE9puL4Ao7kEdctX5LmA))","https://matrixrets.abor.com/Rets/GetRetsMedia.ashx?Key=32456383&TableID=9&Type=1&Number=32&Size=5&usd=-1&ust=N5sAAPjVST8fGI493ag9*edH6VPE33i7(fJE9puL4Ao7kEdctX5LmA))","https://matrixrets.abor.com/Rets/GetRetsMedia.ashx?Key=32456383&TableID=9&Type=1&Number=35&Size=5&usd=-1&ust=N5sAAPjVST8fGI493ag9*edH6VPE33i7(fJE9puL4Ao7kEdctX5LmA))"}','Active');
INSERT INTO listing VALUES ('LST-6582789278615216132-2','{"letterbox":{},"street":{"name":"Brazos","suffix":"St"},"display":"800 Brazos St","streetName":"Brazos","streetNo":"800","streetSuffix":"St","streetDirection":null,"streetPostDirection":null,"unitNo":"1201","zipcode":"78701","zip4":null,"city":"Austin","state":"TX","stateLowerCase":"tx","cityLowerCase":"austin","cityAndStateLowerCase":"austin, tx","country":null}'::jsonb, 450000, 1170, 2, 2.1, '{"https://matrixrets.abor.com/Rets/GetRetsMedia.ashx?Key=31357766&TableID=9&Type=1&Number=0&Size=5&usd=-1&ust=N5sAANjmST9f6UOQLxasJEVo6E37jJ9uni5WwGZxMW4XUyUKYiuZrQ))","https://matrixrets.abor.com/Rets/GetRetsMedia.ashx?Key=31357766&TableID=9&Type=1&Number=1&Size=5&usd=-1&ust=N5sAANjmST9f6UOQLxasJEVo6E37jJ9uni5WwGZxMW4XUyUKYiuZrQ))","https://matrixrets.abor.com/Rets/GetRetsMedia.ashx?Key=31357766&TableID=9&Type=1&Number=2&Size=5&usd=-1&ust=N5sAANjmST9f6UOQLxasJEVo6E37jJ9uni5WwGZxMW4XUyUKYiuZrQ))","https://matrixrets.abor.com/Rets/GetRetsMedia.ashx?Key=31357766&TableID=9&Type=1&Number=3&Size=5&usd=-1&ust=N5sAANjmST9f6UOQLxasJEVo6E37jJ9uni5WwGZxMW4XUyUKYiuZrQ))","https://matrixrets.abor.com/Rets/GetRetsMedia.ashx?Key=31357766&TableID=9&Type=1&Number=4&Size=5&usd=-1&ust=N5sAANjmST9f6UOQLxasJEVo6E37jJ9uni5WwGZxMW4XUyUKYiuZrQ))","https://matrixrets.abor.com/Rets/GetRetsMedia.ashx?Key=31357766&TableID=9&Type=1&Number=5&Size=5&usd=-1&ust=N5sAANjmST9f6UOQLxasJEVo6E37jJ9uni5WwGZxMW4XUyUKYiuZrQ))","https://matrixrets.abor.com/Rets/GetRetsMedia.ashx?Key=31357766&TableID=9&Type=1&Number=6&Size=5&usd=-1&ust=N5sAANjmST9f6UOQLxasJEVo6E37jJ9uni5WwGZxMW4XUyUKYiuZrQ))","https://matrixrets.abor.com/Rets/GetRetsMedia.ashx?Key=31357766&TableID=9&Type=1&Number=7&Size=5&usd=-1&ust=N5sAANjmST9f6UOQLxasJEVo6E37jJ9uni5WwGZxMW4XUyUKYiuZrQ))","https://matrixrets.abor.com/Rets/GetRetsMedia.ashx?Key=31357766&TableID=9&Type=1&Number=8&Size=5&usd=-1&ust=N5sAANjmST9f6UOQLxasJEVo6E37jJ9uni5WwGZxMW4XUyUKYiuZrQ))","https://matrixrets.abor.com/Rets/GetRetsMedia.ashx?Key=31357766&TableID=9&Type=1&Number=9&Size=5&usd=-1&ust=N5sAANjmST9f6UOQLxasJEVo6E37jJ9uni5WwGZxMW4XUyUKYiuZrQ))","https://matrixrets.abor.com/Rets/GetRetsMedia.ashx?Key=31357766&TableID=9&Type=1&Number=10&Size=5&usd=-1&ust=N5sAANjmST9f6UOQLxasJEVo6E37jJ9uni5WwGZxMW4XUyUKYiuZrQ))","https://matrixrets.abor.com/Rets/GetRetsMedia.ashx?Key=31357766&TableID=9&Type=1&Number=11&Size=5&usd=-1&ust=N5sAANjmST9f6UOQLxasJEVo6E37jJ9uni5WwGZxMW4XUyUKYiuZrQ))","https://matrixrets.abor.com/Rets/GetRetsMedia.ashx?Key=31357766&TableID=9&Type=1&Number=12&Size=5&usd=-1&ust=N5sAANjmST9f6UOQLxasJEVo6E37jJ9uni5WwGZxMW4XUyUKYiuZrQ))","https://matrixrets.abor.com/Rets/GetRetsMedia.ashx?Key=31357766&TableID=9&Type=1&Number=13&Size=5&usd=-1&ust=N5sAANjmST9f6UOQLxasJEVo6E37jJ9uni5WwGZxMW4XUyUKYiuZrQ))","https://matrixrets.abor.com/Rets/GetRetsMedia.ashx?Key=31357766&TableID=9&Type=1&Number=14&Size=5&usd=-1&ust=N5sAANjmST9f6UOQLxasJEVo6E37jJ9uni5WwGZxMW4XUyUKYiuZrQ))","https://matrixrets.abor.com/Rets/GetRetsMedia.ashx?Key=31357766&TableID=9&Type=1&Number=16&Size=5&usd=-1&ust=N5sAANjmST9f6UOQLxasJEVo6E37jJ9uni5WwGZxMW4XUyUKYiuZrQ))","https://matrixrets.abor.com/Rets/GetRetsMedia.ashx?Key=31357766&TableID=9&Type=1&Number=15&Size=5&usd=-1&ust=N5sAANjmST9f6UOQLxasJEVo6E37jJ9uni5WwGZxMW4XUyUKYiuZrQ))","https://matrixrets.abor.com/Rets/GetRetsMedia.ashx?Key=31357766&TableID=9&Type=1&Number=18&Size=5&usd=-1&ust=N5sAANjmST9f6UOQLxasJEVo6E37jJ9uni5WwGZxMW4XUyUKYiuZrQ))","https://matrixrets.abor.com/Rets/GetRetsMedia.ashx?Key=31357766&TableID=9&Type=1&Number=17&Size=5&usd=-1&ust=N5sAANjmST9f6UOQLxasJEVo6E37jJ9uni5WwGZxMW4XUyUKYiuZrQ))","https://matrixrets.abor.com/Rets/GetRetsMedia.ashx?Key=31357766&TableID=9&Type=1&Number=20&Size=5&usd=-1&ust=N5sAANjmST9f6UOQLxasJEVo6E37jJ9uni5WwGZxMW4XUyUKYiuZrQ))","https://matrixrets.abor.com/Rets/GetRetsMedia.ashx?Key=31357766&TableID=9&Type=1&Number=19&Size=5&usd=-1&ust=N5sAANjmST9f6UOQLxasJEVo6E37jJ9uni5WwGZxMW4XUyUKYiuZrQ))","https://matrixrets.abor.com/Rets/GetRetsMedia.ashx?Key=31357766&TableID=9&Type=1&Number=22&Size=5&usd=-1&ust=N5sAANjmST9f6UOQLxasJEVo6E37jJ9uni5WwGZxMW4XUyUKYiuZrQ))","https://matrixrets.abor.com/Rets/GetRetsMedia.ashx?Key=31357766&TableID=9&Type=1&Number=21&Size=5&usd=-1&ust=N5sAANjmST9f6UOQLxasJEVo6E37jJ9uni5WwGZxMW4XUyUKYiuZrQ))","https://matrixrets.abor.com/Rets/GetRetsMedia.ashx?Key=31357766&TableID=9&Type=1&Number=24&Size=5&usd=-1&ust=N5sAANjmST9f6UOQLxasJEVo6E37jJ9uni5WwGZxMW4XUyUKYiuZrQ))","https://matrixrets.abor.com/Rets/GetRetsMedia.ashx?Key=31357766&TableID=9&Type=1&Number=23&Size=5&usd=-1&ust=N5sAANjmST9f6UOQLxasJEVo6E37jJ9uni5WwGZxMW4XUyUKYiuZrQ))","https://matrixrets.abor.com/Rets/GetRetsMedia.ashx?Key=31357766&TableID=9&Type=1&Number=26&Size=5&usd=-1&ust=N5sAANjmST9f6UOQLxasJEVo6E37jJ9uni5WwGZxMW4XUyUKYiuZrQ))","https://matrixrets.abor.com/Rets/GetRetsMedia.ashx?Key=31357766&TableID=9&Type=1&Number=25&Size=5&usd=-1&ust=N5sAANjmST9f6UOQLxasJEVo6E37jJ9uni5WwGZxMW4XUyUKYiuZrQ))","https://matrixrets.abor.com/Rets/GetRetsMedia.ashx?Key=31357766&TableID=9&Type=1&Number=28&Size=5&usd=-1&ust=N5sAANjmST9f6UOQLxasJEVo6E37jJ9uni5WwGZxMW4XUyUKYiuZrQ))","https://matrixrets.abor.com/Rets/GetRetsMedia.ashx?Key=31357766&TableID=9&Type=1&Number=27&Size=5&usd=-1&ust=N5sAANjmST9f6UOQLxasJEVo6E37jJ9uni5WwGZxMW4XUyUKYiuZrQ))","https://matrixrets.abor.com/Rets/GetRetsMedia.ashx?Key=31357766&TableID=9&Type=1&Number=30&Size=5&usd=-1&ust=N5sAANjmST9f6UOQLxasJEVo6E37jJ9uni5WwGZxMW4XUyUKYiuZrQ))","https://matrixrets.abor.com/Rets/GetRetsMedia.ashx?Key=31357766&TableID=9&Type=1&Number=29&Size=5&usd=-1&ust=N5sAANjmST9f6UOQLxasJEVo6E37jJ9uni5WwGZxMW4XUyUKYiuZrQ))","https://matrixrets.abor.com/Rets/GetRetsMedia.ashx?Key=31357766&TableID=9&Type=1&Number=33&Size=5&usd=-1&ust=N5sAANjmST9f6UOQLxasJEVo6E37jJ9uni5WwGZxMW4XUyUKYiuZrQ))","https://matrixrets.abor.com/Rets/GetRetsMedia.ashx?Key=31357766&TableID=9&Type=1&Number=34&Size=5&usd=-1&ust=N5sAANjmST9f6UOQLxasJEVo6E37jJ9uni5WwGZxMW4XUyUKYiuZrQ))","https://matrixrets.abor.com/Rets/GetRetsMedia.ashx?Key=31357766&TableID=9&Type=1&Number=31&Size=5&usd=-1&ust=N5sAANjmST9f6UOQLxasJEVo6E37jJ9uni5WwGZxMW4XUyUKYiuZrQ))","https://matrixrets.abor.com/Rets/GetRetsMedia.ashx?Key=31357766&TableID=9&Type=1&Number=32&Size=5&usd=-1&ust=N5sAANjmST9f6UOQLxasJEVo6E37jJ9uni5WwGZxMW4XUyUKYiuZrQ))","https://matrixrets.abor.com/Rets/GetRetsMedia.ashx?Key=31357766&TableID=9&Type=1&Number=37&Size=5&usd=-1&ust=N5sAANjmST9f6UOQLxasJEVo6E37jJ9uni5WwGZxMW4XUyUKYiuZrQ))","https://matrixrets.abor.com/Rets/GetRetsMedia.ashx?Key=31357766&TableID=9&Type=1&Number=38&Size=5&usd=-1&ust=N5sAANjmST9f6UOQLxasJEVo6E37jJ9uni5WwGZxMW4XUyUKYiuZrQ))","https://matrixrets.abor.com/Rets/GetRetsMedia.ashx?Key=31357766&TableID=9&Type=1&Number=35&Size=5&usd=-1&ust=N5sAANjmST9f6UOQLxasJEVo6E37jJ9uni5WwGZxMW4XUyUKYiuZrQ))","https://matrixrets.abor.com/Rets/GetRetsMedia.ashx?Key=31357766&TableID=9&Type=1&Number=36&Size=5&usd=-1&ust=N5sAANjmST9f6UOQLxasJEVo6E37jJ9uni5WwGZxMW4XUyUKYiuZrQ))","https://matrixrets.abor.com/Rets/GetRetsMedia.ashx?Key=31357766&TableID=9&Type=1&Number=39&Size=5&usd=-1&ust=N5sAANjmST9f6UOQLxasJEVo6E37jJ9uni5WwGZxMW4XUyUKYiuZrQ))"}','Sold');
INSERT INTO listing VALUES ('LST-6582806286953660427-1','{"letterbox":{},"street":{"name":"West","suffix":"Ave"},"display":"222 West Ave","streetName":"West","streetNo":"222","streetSuffix":"Ave","streetDirection":null,"streetPostDirection":null,"unitNo":"1003","zipcode":"78701","zip4":null,"city":"Austin","state":"TX","stateLowerCase":"tx","cityLowerCase":"austin","cityAndStateLowerCase":"austin, tx","country":null}'::jsonb, 549000, 685, 1, 1.2, '{"https://matrixrets.abor.com/Rets/GetRetsMedia.ashx?Key=32214730&TableID=9&Type=1&Number=0&Size=5&usd=-1&ust=N5sAALrWST*ESzqykYhsM2JROWdsV3UG(iliTUvgcHyQ0q1zPk0fFA))","https://matrixrets.abor.com/Rets/GetRetsMedia.ashx?Key=32214730&TableID=9&Type=1&Number=1&Size=5&usd=-1&ust=N5sAALrWST*ESzqykYhsM2JROWdsV3UG(iliTUvgcHyQ0q1zPk0fFA))","https://matrixrets.abor.com/Rets/GetRetsMedia.ashx?Key=32214730&TableID=9&Type=1&Number=2&Size=5&usd=-1&ust=N5sAALrWST*ESzqykYhsM2JROWdsV3UG(iliTUvgcHyQ0q1zPk0fFA))","https://matrixrets.abor.com/Rets/GetRetsMedia.ashx?Key=32214730&TableID=9&Type=1&Number=3&Size=5&usd=-1&ust=N5sAALrWST*ESzqykYhsM2JROWdsV3UG(iliTUvgcHyQ0q1zPk0fFA))","https://matrixrets.abor.com/Rets/GetRetsMedia.ashx?Key=32214730&TableID=9&Type=1&Number=4&Size=5&usd=-1&ust=N5sAALrWST*ESzqykYhsM2JROWdsV3UG(iliTUvgcHyQ0q1zPk0fFA))","https://matrixrets.abor.com/Rets/GetRetsMedia.ashx?Key=32214730&TableID=9&Type=1&Number=5&Size=5&usd=-1&ust=N5sAALrWST*ESzqykYhsM2JROWdsV3UG(iliTUvgcHyQ0q1zPk0fFA))","https://matrixrets.abor.com/Rets/GetRetsMedia.ashx?Key=32214730&TableID=9&Type=1&Number=6&Size=5&usd=-1&ust=N5sAALrWST*ESzqykYhsM2JROWdsV3UG(iliTUvgcHyQ0q1zPk0fFA))","https://matrixrets.abor.com/Rets/GetRetsMedia.ashx?Key=32214730&TableID=9&Type=1&Number=7&Size=5&usd=-1&ust=N5sAALrWST*ESzqykYhsM2JROWdsV3UG(iliTUvgcHyQ0q1zPk0fFA))","https://matrixrets.abor.com/Rets/GetRetsMedia.ashx?Key=32214730&TableID=9&Type=1&Number=8&Size=5&usd=-1&ust=N5sAALrWST*ESzqykYhsM2JROWdsV3UG(iliTUvgcHyQ0q1zPk0fFA))","https://matrixrets.abor.com/Rets/GetRetsMedia.ashx?Key=32214730&TableID=9&Type=1&Number=9&Size=5&usd=-1&ust=N5sAALrWST*ESzqykYhsM2JROWdsV3UG(iliTUvgcHyQ0q1zPk0fFA))","https://matrixrets.abor.com/Rets/GetRetsMedia.ashx?Key=32214730&TableID=9&Type=1&Number=10&Size=5&usd=-1&ust=N5sAALrWST*ESzqykYhsM2JROWdsV3UG(iliTUvgcHyQ0q1zPk0fFA))","https://matrixrets.abor.com/Rets/GetRetsMedia.ashx?Key=32214730&TableID=9&Type=1&Number=11&Size=5&usd=-1&ust=N5sAALrWST*ESzqykYhsM2JROWdsV3UG(iliTUvgcHyQ0q1zPk0fFA))","https://matrixrets.abor.com/Rets/GetRetsMedia.ashx?Key=32214730&TableID=9&Type=1&Number=12&Size=5&usd=-1&ust=N5sAALrWST*ESzqykYhsM2JROWdsV3UG(iliTUvgcHyQ0q1zPk0fFA))","https://matrixrets.abor.com/Rets/GetRetsMedia.ashx?Key=32214730&TableID=9&Type=1&Number=13&Size=5&usd=-1&ust=N5sAALrWST*ESzqykYhsM2JROWdsV3UG(iliTUvgcHyQ0q1zPk0fFA))","https://matrixrets.abor.com/Rets/GetRetsMedia.ashx?Key=32214730&TableID=9&Type=1&Number=14&Size=5&usd=-1&ust=N5sAALrWST*ESzqykYhsM2JROWdsV3UG(iliTUvgcHyQ0q1zPk0fFA))","https://matrixrets.abor.com/Rets/GetRetsMedia.ashx?Key=32214730&TableID=9&Type=1&Number=16&Size=5&usd=-1&ust=N5sAALrWST*ESzqykYhsM2JROWdsV3UG(iliTUvgcHyQ0q1zPk0fFA))","https://matrixrets.abor.com/Rets/GetRetsMedia.ashx?Key=32214730&TableID=9&Type=1&Number=15&Size=5&usd=-1&ust=N5sAALrWST*ESzqykYhsM2JROWdsV3UG(iliTUvgcHyQ0q1zPk0fFA))","https://matrixrets.abor.com/Rets/GetRetsMedia.ashx?Key=32214730&TableID=9&Type=1&Number=18&Size=5&usd=-1&ust=N5sAALrWST*ESzqykYhsM2JROWdsV3UG(iliTUvgcHyQ0q1zPk0fFA))","https://matrixrets.abor.com/Rets/GetRetsMedia.ashx?Key=32214730&TableID=9&Type=1&Number=17&Size=5&usd=-1&ust=N5sAALrWST*ESzqykYhsM2JROWdsV3UG(iliTUvgcHyQ0q1zPk0fFA))","https://matrixrets.abor.com/Rets/GetRetsMedia.ashx?Key=32214730&TableID=9&Type=1&Number=20&Size=5&usd=-1&ust=N5sAALrWST*ESzqykYhsM2JROWdsV3UG(iliTUvgcHyQ0q1zPk0fFA))","https://matrixrets.abor.com/Rets/GetRetsMedia.ashx?Key=32214730&TableID=9&Type=1&Number=19&Size=5&usd=-1&ust=N5sAALrWST*ESzqykYhsM2JROWdsV3UG(iliTUvgcHyQ0q1zPk0fFA))","https://matrixrets.abor.com/Rets/GetRetsMedia.ashx?Key=32214730&TableID=9&Type=1&Number=22&Size=5&usd=-1&ust=N5sAALrWST*ESzqykYhsM2JROWdsV3UG(iliTUvgcHyQ0q1zPk0fFA))","https://matrixrets.abor.com/Rets/GetRetsMedia.ashx?Key=32214730&TableID=9&Type=1&Number=21&Size=5&usd=-1&ust=N5sAALrWST*ESzqykYhsM2JROWdsV3UG(iliTUvgcHyQ0q1zPk0fFA))","https://matrixrets.abor.com/Rets/GetRetsMedia.ashx?Key=32214730&TableID=9&Type=1&Number=24&Size=5&usd=-1&ust=N5sAALrWST*ESzqykYhsM2JROWdsV3UG(iliTUvgcHyQ0q1zPk0fFA))","https://matrixrets.abor.com/Rets/GetRetsMedia.ashx?Key=32214730&TableID=9&Type=1&Number=23&Size=5&usd=-1&ust=N5sAALrWST*ESzqykYhsM2JROWdsV3UG(iliTUvgcHyQ0q1zPk0fFA))","https://matrixrets.abor.com/Rets/GetRetsMedia.ashx?Key=32214730&TableID=9&Type=1&Number=26&Size=5&usd=-1&ust=N5sAALrWST*ESzqykYhsM2JROWdsV3UG(iliTUvgcHyQ0q1zPk0fFA))","https://matrixrets.abor.com/Rets/GetRetsMedia.ashx?Key=32214730&TableID=9&Type=1&Number=25&Size=5&usd=-1&ust=N5sAALrWST*ESzqykYhsM2JROWdsV3UG(iliTUvgcHyQ0q1zPk0fFA))","https://matrixrets.abor.com/Rets/GetRetsMedia.ashx?Key=32214730&TableID=9&Type=1&Number=28&Size=5&usd=-1&ust=N5sAALrWST*ESzqykYhsM2JROWdsV3UG(iliTUvgcHyQ0q1zPk0fFA))","https://matrixrets.abor.com/Rets/GetRetsMedia.ashx?Key=32214730&TableID=9&Type=1&Number=27&Size=5&usd=-1&ust=N5sAALrWST*ESzqykYhsM2JROWdsV3UG(iliTUvgcHyQ0q1zPk0fFA))","https://matrixrets.abor.com/Rets/GetRetsMedia.ashx?Key=32214730&TableID=9&Type=1&Number=30&Size=5&usd=-1&ust=N5sAALrWST*ESzqykYhsM2JROWdsV3UG(iliTUvgcHyQ0q1zPk0fFA))","https://matrixrets.abor.com/Rets/GetRetsMedia.ashx?Key=32214730&TableID=9&Type=1&Number=29&Size=5&usd=-1&ust=N5sAALrWST*ESzqykYhsM2JROWdsV3UG(iliTUvgcHyQ0q1zPk0fFA))"}','Sold');
INSERT INTO listing VALUES ('LST-6582806320465186823-0','{"letterbox":{},"street":{"name":"Colorado","suffix":"St"},"display":"1122 Colorado St","streetName":"Colorado","streetNo":"1122","streetSuffix":"St","streetDirection":null,"streetPostDirection":null,"unitNo":"1206","zipcode":"78701","zip4":null,"city":"Austin","state":"TX","stateLowerCase":"tx","cityLowerCase":"austin","cityAndStateLowerCase":"austin, tx","country":null}'::jsonb, 750000, 1212, 2, 2.1, '{"https://matrixrets.abor.com/Rets/GetRetsMedia.ashx?Key=31957375&TableID=9&Type=1&Number=0&Size=5&usd=-1&ust=N5sAAHLiST94ud5xuh4w7eZlrMu6B(zijazu7ijoodCVXvB3Gbem9g))","https://matrixrets.abor.com/Rets/GetRetsMedia.ashx?Key=31957375&TableID=9&Type=1&Number=1&Size=5&usd=-1&ust=N5sAAHLiST94ud5xuh4w7eZlrMu6B(zijazu7ijoodCVXvB3Gbem9g))","https://matrixrets.abor.com/Rets/GetRetsMedia.ashx?Key=31957375&TableID=9&Type=1&Number=2&Size=5&usd=-1&ust=N5sAAHLiST94ud5xuh4w7eZlrMu6B(zijazu7ijoodCVXvB3Gbem9g))","https://matrixrets.abor.com/Rets/GetRetsMedia.ashx?Key=31957375&TableID=9&Type=1&Number=3&Size=5&usd=-1&ust=N5sAAHLiST94ud5xuh4w7eZlrMu6B(zijazu7ijoodCVXvB3Gbem9g))","https://matrixrets.abor.com/Rets/GetRetsMedia.ashx?Key=31957375&TableID=9&Type=1&Number=4&Size=5&usd=-1&ust=N5sAAHLiST94ud5xuh4w7eZlrMu6B(zijazu7ijoodCVXvB3Gbem9g))","https://matrixrets.abor.com/Rets/GetRetsMedia.ashx?Key=31957375&TableID=9&Type=1&Number=5&Size=5&usd=-1&ust=N5sAAHLiST94ud5xuh4w7eZlrMu6B(zijazu7ijoodCVXvB3Gbem9g))","https://matrixrets.abor.com/Rets/GetRetsMedia.ashx?Key=31957375&TableID=9&Type=1&Number=6&Size=5&usd=-1&ust=N5sAAHLiST94ud5xuh4w7eZlrMu6B(zijazu7ijoodCVXvB3Gbem9g))","https://matrixrets.abor.com/Rets/GetRetsMedia.ashx?Key=31957375&TableID=9&Type=1&Number=7&Size=5&usd=-1&ust=N5sAAHLiST94ud5xuh4w7eZlrMu6B(zijazu7ijoodCVXvB3Gbem9g))","https://matrixrets.abor.com/Rets/GetRetsMedia.ashx?Key=31957375&TableID=9&Type=1&Number=8&Size=5&usd=-1&ust=N5sAAHLiST94ud5xuh4w7eZlrMu6B(zijazu7ijoodCVXvB3Gbem9g))","https://matrixrets.abor.com/Rets/GetRetsMedia.ashx?Key=31957375&TableID=9&Type=1&Number=9&Size=5&usd=-1&ust=N5sAAHLiST94ud5xuh4w7eZlrMu6B(zijazu7ijoodCVXvB3Gbem9g))","https://matrixrets.abor.com/Rets/GetRetsMedia.ashx?Key=31957375&TableID=9&Type=1&Number=10&Size=5&usd=-1&ust=N5sAAHLiST94ud5xuh4w7eZlrMu6B(zijazu7ijoodCVXvB3Gbem9g))","https://matrixrets.abor.com/Rets/GetRetsMedia.ashx?Key=31957375&TableID=9&Type=1&Number=11&Size=5&usd=-1&ust=N5sAAHLiST94ud5xuh4w7eZlrMu6B(zijazu7ijoodCVXvB3Gbem9g))","https://matrixrets.abor.com/Rets/GetRetsMedia.ashx?Key=31957375&TableID=9&Type=1&Number=12&Size=5&usd=-1&ust=N5sAAHLiST94ud5xuh4w7eZlrMu6B(zijazu7ijoodCVXvB3Gbem9g))","https://matrixrets.abor.com/Rets/GetRetsMedia.ashx?Key=31957375&TableID=9&Type=1&Number=13&Size=5&usd=-1&ust=N5sAAHLiST94ud5xuh4w7eZlrMu6B(zijazu7ijoodCVXvB3Gbem9g))","https://matrixrets.abor.com/Rets/GetRetsMedia.ashx?Key=31957375&TableID=9&Type=1&Number=14&Size=5&usd=-1&ust=N5sAAHLiST94ud5xuh4w7eZlrMu6B(zijazu7ijoodCVXvB3Gbem9g))","https://matrixrets.abor.com/Rets/GetRetsMedia.ashx?Key=31957375&TableID=9&Type=1&Number=16&Size=5&usd=-1&ust=N5sAAHLiST94ud5xuh4w7eZlrMu6B(zijazu7ijoodCVXvB3Gbem9g))","https://matrixrets.abor.com/Rets/GetRetsMedia.ashx?Key=31957375&TableID=9&Type=1&Number=15&Size=5&usd=-1&ust=N5sAAHLiST94ud5xuh4w7eZlrMu6B(zijazu7ijoodCVXvB3Gbem9g))","https://matrixrets.abor.com/Rets/GetRetsMedia.ashx?Key=31957375&TableID=9&Type=1&Number=17&Size=5&usd=-1&ust=N5sAAHLiST94ud5xuh4w7eZlrMu6B(zijazu7ijoodCVXvB3Gbem9g))"}','Active');
INSERT INTO listing VALUES ('LST-6582806326627119107-8','{"letterbox":{},"street":{"name":"Nueces","suffix":"St"},"display":"360 Nueces St","streetName":"Nueces","streetNo":"360","streetSuffix":"St","streetDirection":null,"streetPostDirection":null,"unitNo":"1010","zipcode":"78701","zip4":null,"city":"Austin","state":"TX","stateLowerCase":"tx","cityLowerCase":"austin","cityAndStateLowerCase":"austin, tx","country":null}'::jsonb, 499000, 715, 1, 1, '{"https://matrixrets.abor.com/Rets/GetRetsMedia.ashx?Key=32482631&TableID=9&Type=1&Number=0&Size=5&usd=-1&ust=N5sAAAfWST8zIl(djlmT3mlbgO3tt5PlHlFVGAGmcbXPyIY8OkRQgA))","https://matrixrets.abor.com/Rets/GetRetsMedia.ashx?Key=32482631&TableID=9&Type=1&Number=1&Size=5&usd=-1&ust=N5sAAAfWST8zIl(djlmT3mlbgO3tt5PlHlFVGAGmcbXPyIY8OkRQgA))","https://matrixrets.abor.com/Rets/GetRetsMedia.ashx?Key=32482631&TableID=9&Type=1&Number=2&Size=5&usd=-1&ust=N5sAAAfWST8zIl(djlmT3mlbgO3tt5PlHlFVGAGmcbXPyIY8OkRQgA))","https://matrixrets.abor.com/Rets/GetRetsMedia.ashx?Key=32482631&TableID=9&Type=1&Number=3&Size=5&usd=-1&ust=N5sAAAfWST8zIl(djlmT3mlbgO3tt5PlHlFVGAGmcbXPyIY8OkRQgA))","https://matrixrets.abor.com/Rets/GetRetsMedia.ashx?Key=32482631&TableID=9&Type=1&Number=4&Size=5&usd=-1&ust=N5sAAAfWST8zIl(djlmT3mlbgO3tt5PlHlFVGAGmcbXPyIY8OkRQgA))","https://matrixrets.abor.com/Rets/GetRetsMedia.ashx?Key=32482631&TableID=9&Type=1&Number=5&Size=5&usd=-1&ust=N5sAAAfWST8zIl(djlmT3mlbgO3tt5PlHlFVGAGmcbXPyIY8OkRQgA))","https://matrixrets.abor.com/Rets/GetRetsMedia.ashx?Key=32482631&TableID=9&Type=1&Number=6&Size=5&usd=-1&ust=N5sAAAfWST8zIl(djlmT3mlbgO3tt5PlHlFVGAGmcbXPyIY8OkRQgA))","https://matrixrets.abor.com/Rets/GetRetsMedia.ashx?Key=32482631&TableID=9&Type=1&Number=7&Size=5&usd=-1&ust=N5sAAAfWST8zIl(djlmT3mlbgO3tt5PlHlFVGAGmcbXPyIY8OkRQgA))","https://matrixrets.abor.com/Rets/GetRetsMedia.ashx?Key=32482631&TableID=9&Type=1&Number=8&Size=5&usd=-1&ust=N5sAAAfWST8zIl(djlmT3mlbgO3tt5PlHlFVGAGmcbXPyIY8OkRQgA))","https://matrixrets.abor.com/Rets/GetRetsMedia.ashx?Key=32482631&TableID=9&Type=1&Number=9&Size=5&usd=-1&ust=N5sAAAfWST8zIl(djlmT3mlbgO3tt5PlHlFVGAGmcbXPyIY8OkRQgA))","https://matrixrets.abor.com/Rets/GetRetsMedia.ashx?Key=32482631&TableID=9&Type=1&Number=10&Size=5&usd=-1&ust=N5sAAAfWST8zIl(djlmT3mlbgO3tt5PlHlFVGAGmcbXPyIY8OkRQgA))","https://matrixrets.abor.com/Rets/GetRetsMedia.ashx?Key=32482631&TableID=9&Type=1&Number=11&Size=5&usd=-1&ust=N5sAAAfWST8zIl(djlmT3mlbgO3tt5PlHlFVGAGmcbXPyIY8OkRQgA))","https://matrixrets.abor.com/Rets/GetRetsMedia.ashx?Key=32482631&TableID=9&Type=1&Number=12&Size=5&usd=-1&ust=N5sAAAfWST8zIl(djlmT3mlbgO3tt5PlHlFVGAGmcbXPyIY8OkRQgA))","https://matrixrets.abor.com/Rets/GetRetsMedia.ashx?Key=32482631&TableID=9&Type=1&Number=13&Size=5&usd=-1&ust=N5sAAAfWST8zIl(djlmT3mlbgO3tt5PlHlFVGAGmcbXPyIY8OkRQgA))","https://matrixrets.abor.com/Rets/GetRetsMedia.ashx?Key=32482631&TableID=9&Type=1&Number=14&Size=5&usd=-1&ust=N5sAAAfWST8zIl(djlmT3mlbgO3tt5PlHlFVGAGmcbXPyIY8OkRQgA))","https://matrixrets.abor.com/Rets/GetRetsMedia.ashx?Key=32482631&TableID=9&Type=1&Number=16&Size=5&usd=-1&ust=N5sAAAfWST8zIl(djlmT3mlbgO3tt5PlHlFVGAGmcbXPyIY8OkRQgA))","https://matrixrets.abor.com/Rets/GetRetsMedia.ashx?Key=32482631&TableID=9&Type=1&Number=15&Size=5&usd=-1&ust=N5sAAAfWST8zIl(djlmT3mlbgO3tt5PlHlFVGAGmcbXPyIY8OkRQgA))","https://matrixrets.abor.com/Rets/GetRetsMedia.ashx?Key=32482631&TableID=9&Type=1&Number=18&Size=5&usd=-1&ust=N5sAAAfWST8zIl(djlmT3mlbgO3tt5PlHlFVGAGmcbXPyIY8OkRQgA))","https://matrixrets.abor.com/Rets/GetRetsMedia.ashx?Key=32482631&TableID=9&Type=1&Number=17&Size=5&usd=-1&ust=N5sAAAfWST8zIl(djlmT3mlbgO3tt5PlHlFVGAGmcbXPyIY8OkRQgA))","https://matrixrets.abor.com/Rets/GetRetsMedia.ashx?Key=32482631&TableID=9&Type=1&Number=20&Size=5&usd=-1&ust=N5sAAAfWST8zIl(djlmT3mlbgO3tt5PlHlFVGAGmcbXPyIY8OkRQgA))","https://matrixrets.abor.com/Rets/GetRetsMedia.ashx?Key=32482631&TableID=9&Type=1&Number=19&Size=5&usd=-1&ust=N5sAAAfWST8zIl(djlmT3mlbgO3tt5PlHlFVGAGmcbXPyIY8OkRQgA))","https://matrixrets.abor.com/Rets/GetRetsMedia.ashx?Key=32482631&TableID=9&Type=1&Number=22&Size=5&usd=-1&ust=N5sAAAfWST8zIl(djlmT3mlbgO3tt5PlHlFVGAGmcbXPyIY8OkRQgA))","https://matrixrets.abor.com/Rets/GetRetsMedia.ashx?Key=32482631&TableID=9&Type=1&Number=21&Size=5&usd=-1&ust=N5sAAAfWST8zIl(djlmT3mlbgO3tt5PlHlFVGAGmcbXPyIY8OkRQgA))","https://matrixrets.abor.com/Rets/GetRetsMedia.ashx?Key=32482631&TableID=9&Type=1&Number=24&Size=5&usd=-1&ust=N5sAAAfWST8zIl(djlmT3mlbgO3tt5PlHlFVGAGmcbXPyIY8OkRQgA))","https://matrixrets.abor.com/Rets/GetRetsMedia.ashx?Key=32482631&TableID=9&Type=1&Number=23&Size=5&usd=-1&ust=N5sAAAfWST8zIl(djlmT3mlbgO3tt5PlHlFVGAGmcbXPyIY8OkRQgA))","https://matrixrets.abor.com/Rets/GetRetsMedia.ashx?Key=32482631&TableID=9&Type=1&Number=26&Size=5&usd=-1&ust=N5sAAAfWST8zIl(djlmT3mlbgO3tt5PlHlFVGAGmcbXPyIY8OkRQgA))","https://matrixrets.abor.com/Rets/GetRetsMedia.ashx?Key=32482631&TableID=9&Type=1&Number=25&Size=5&usd=-1&ust=N5sAAAfWST8zIl(djlmT3mlbgO3tt5PlHlFVGAGmcbXPyIY8OkRQgA))","https://matrixrets.abor.com/Rets/GetRetsMedia.ashx?Key=32482631&TableID=9&Type=1&Number=28&Size=5&usd=-1&ust=N5sAAAfWST8zIl(djlmT3mlbgO3tt5PlHlFVGAGmcbXPyIY8OkRQgA))","https://matrixrets.abor.com/Rets/GetRetsMedia.ashx?Key=32482631&TableID=9&Type=1&Number=27&Size=5&usd=-1&ust=N5sAAAfWST8zIl(djlmT3mlbgO3tt5PlHlFVGAGmcbXPyIY8OkRQgA))","https://matrixrets.abor.com/Rets/GetRetsMedia.ashx?Key=32482631&TableID=9&Type=1&Number=30&Size=5&usd=-1&ust=N5sAAAfWST8zIl(djlmT3mlbgO3tt5PlHlFVGAGmcbXPyIY8OkRQgA))","https://matrixrets.abor.com/Rets/GetRetsMedia.ashx?Key=32482631&TableID=9&Type=1&Number=29&Size=5&usd=-1&ust=N5sAAAfWST8zIl(djlmT3mlbgO3tt5PlHlFVGAGmcbXPyIY8OkRQgA))","https://matrixrets.abor.com/Rets/GetRetsMedia.ashx?Key=32482631&TableID=9&Type=1&Number=33&Size=5&usd=-1&ust=N5sAAAfWST8zIl(djlmT3mlbgO3tt5PlHlFVGAGmcbXPyIY8OkRQgA))","https://matrixrets.abor.com/Rets/GetRetsMedia.ashx?Key=32482631&TableID=9&Type=1&Number=34&Size=5&usd=-1&ust=N5sAAAfWST8zIl(djlmT3mlbgO3tt5PlHlFVGAGmcbXPyIY8OkRQgA))","https://matrixrets.abor.com/Rets/GetRetsMedia.ashx?Key=32482631&TableID=9&Type=1&Number=31&Size=5&usd=-1&ust=N5sAAAfWST8zIl(djlmT3mlbgO3tt5PlHlFVGAGmcbXPyIY8OkRQgA))","https://matrixrets.abor.com/Rets/GetRetsMedia.ashx?Key=32482631&TableID=9&Type=1&Number=32&Size=5&usd=-1&ust=N5sAAAfWST8zIl(djlmT3mlbgO3tt5PlHlFVGAGmcbXPyIY8OkRQgA))","https://matrixrets.abor.com/Rets/GetRetsMedia.ashx?Key=32482631&TableID=9&Type=1&Number=37&Size=5&usd=-1&ust=N5sAAAfWST8zIl(djlmT3mlbgO3tt5PlHlFVGAGmcbXPyIY8OkRQgA))","https://matrixrets.abor.com/Rets/GetRetsMedia.ashx?Key=32482631&TableID=9&Type=1&Number=38&Size=5&usd=-1&ust=N5sAAAfWST8zIl(djlmT3mlbgO3tt5PlHlFVGAGmcbXPyIY8OkRQgA))","https://matrixrets.abor.com/Rets/GetRetsMedia.ashx?Key=32482631&TableID=9&Type=1&Number=35&Size=5&usd=-1&ust=N5sAAAfWST8zIl(djlmT3mlbgO3tt5PlHlFVGAGmcbXPyIY8OkRQgA))","https://matrixrets.abor.com/Rets/GetRetsMedia.ashx?Key=32482631&TableID=9&Type=1&Number=36&Size=5&usd=-1&ust=N5sAAAfWST8zIl(djlmT3mlbgO3tt5PlHlFVGAGmcbXPyIY8OkRQgA))","https://matrixrets.abor.com/Rets/GetRetsMedia.ashx?Key=32482631&TableID=9&Type=1&Number=39&Size=5&usd=-1&ust=N5sAAAfWST8zIl(djlmT3mlbgO3tt5PlHlFVGAGmcbXPyIY8OkRQgA))"}','Active');
INSERT INTO listing VALUES ('LST-6587207089313091590-5','{"letterbox":{},"street":{"name":"Nueces","suffix":"St"},"display":"360 Nueces St","streetName":"Nueces","streetNo":"360","streetSuffix":"St","streetDirection":null,"streetPostDirection":null,"unitNo":"3201","zipcode":"78701","zip4":null,"city":"Austin","state":"TX","stateLowerCase":"tx","cityLowerCase":"austin","cityAndStateLowerCase":"austin, tx","country":null}'::jsonb, 509000, 801, 1, 1, '{"https://matrixrets.abor.com/Rets/GetRetsMedia.ashx?Key=30297420&TableID=9&Type=1&Number=0&Size=5&usd=-1&ust=N5sAAAnTST9ED3GP3MtJtCvn3txAd1(d*Yx0vV6LB2TAipa0MWbadw))","https://matrixrets.abor.com/Rets/GetRetsMedia.ashx?Key=30297420&TableID=9&Type=1&Number=1&Size=5&usd=-1&ust=N5sAAAnTST9ED3GP3MtJtCvn3txAd1(d*Yx0vV6LB2TAipa0MWbadw))","https://matrixrets.abor.com/Rets/GetRetsMedia.ashx?Key=30297420&TableID=9&Type=1&Number=2&Size=5&usd=-1&ust=N5sAAAnTST9ED3GP3MtJtCvn3txAd1(d*Yx0vV6LB2TAipa0MWbadw))","https://matrixrets.abor.com/Rets/GetRetsMedia.ashx?Key=30297420&TableID=9&Type=1&Number=3&Size=5&usd=-1&ust=N5sAAAnTST9ED3GP3MtJtCvn3txAd1(d*Yx0vV6LB2TAipa0MWbadw))","https://matrixrets.abor.com/Rets/GetRetsMedia.ashx?Key=30297420&TableID=9&Type=1&Number=4&Size=5&usd=-1&ust=N5sAAAnTST9ED3GP3MtJtCvn3txAd1(d*Yx0vV6LB2TAipa0MWbadw))","https://matrixrets.abor.com/Rets/GetRetsMedia.ashx?Key=30297420&TableID=9&Type=1&Number=5&Size=5&usd=-1&ust=N5sAAAnTST9ED3GP3MtJtCvn3txAd1(d*Yx0vV6LB2TAipa0MWbadw))","https://matrixrets.abor.com/Rets/GetRetsMedia.ashx?Key=30297420&TableID=9&Type=1&Number=6&Size=5&usd=-1&ust=N5sAAAnTST9ED3GP3MtJtCvn3txAd1(d*Yx0vV6LB2TAipa0MWbadw))","https://matrixrets.abor.com/Rets/GetRetsMedia.ashx?Key=30297420&TableID=9&Type=1&Number=7&Size=5&usd=-1&ust=N5sAAAnTST9ED3GP3MtJtCvn3txAd1(d*Yx0vV6LB2TAipa0MWbadw))","https://matrixrets.abor.com/Rets/GetRetsMedia.ashx?Key=30297420&TableID=9&Type=1&Number=8&Size=5&usd=-1&ust=N5sAAAnTST9ED3GP3MtJtCvn3txAd1(d*Yx0vV6LB2TAipa0MWbadw))","https://matrixrets.abor.com/Rets/GetRetsMedia.ashx?Key=30297420&TableID=9&Type=1&Number=9&Size=5&usd=-1&ust=N5sAAAnTST9ED3GP3MtJtCvn3txAd1(d*Yx0vV6LB2TAipa0MWbadw))","https://matrixrets.abor.com/Rets/GetRetsMedia.ashx?Key=30297420&TableID=9&Type=1&Number=10&Size=5&usd=-1&ust=N5sAAAnTST9ED3GP3MtJtCvn3txAd1(d*Yx0vV6LB2TAipa0MWbadw))","https://matrixrets.abor.com/Rets/GetRetsMedia.ashx?Key=30297420&TableID=9&Type=1&Number=11&Size=5&usd=-1&ust=N5sAAAnTST9ED3GP3MtJtCvn3txAd1(d*Yx0vV6LB2TAipa0MWbadw))","https://matrixrets.abor.com/Rets/GetRetsMedia.ashx?Key=30297420&TableID=9&Type=1&Number=12&Size=5&usd=-1&ust=N5sAAAnTST9ED3GP3MtJtCvn3txAd1(d*Yx0vV6LB2TAipa0MWbadw))","https://matrixrets.abor.com/Rets/GetRetsMedia.ashx?Key=30297420&TableID=9&Type=1&Number=13&Size=5&usd=-1&ust=N5sAAAnTST9ED3GP3MtJtCvn3txAd1(d*Yx0vV6LB2TAipa0MWbadw))","https://matrixrets.abor.com/Rets/GetRetsMedia.ashx?Key=30297420&TableID=9&Type=1&Number=14&Size=5&usd=-1&ust=N5sAAAnTST9ED3GP3MtJtCvn3txAd1(d*Yx0vV6LB2TAipa0MWbadw))","https://matrixrets.abor.com/Rets/GetRetsMedia.ashx?Key=30297420&TableID=9&Type=1&Number=16&Size=5&usd=-1&ust=N5sAAAnTST9ED3GP3MtJtCvn3txAd1(d*Yx0vV6LB2TAipa0MWbadw))","https://matrixrets.abor.com/Rets/GetRetsMedia.ashx?Key=30297420&TableID=9&Type=1&Number=15&Size=5&usd=-1&ust=N5sAAAnTST9ED3GP3MtJtCvn3txAd1(d*Yx0vV6LB2TAipa0MWbadw))","https://matrixrets.abor.com/Rets/GetRetsMedia.ashx?Key=30297420&TableID=9&Type=1&Number=18&Size=5&usd=-1&ust=N5sAAAnTST9ED3GP3MtJtCvn3txAd1(d*Yx0vV6LB2TAipa0MWbadw))","https://matrixrets.abor.com/Rets/GetRetsMedia.ashx?Key=30297420&TableID=9&Type=1&Number=17&Size=5&usd=-1&ust=N5sAAAnTST9ED3GP3MtJtCvn3txAd1(d*Yx0vV6LB2TAipa0MWbadw))","https://matrixrets.abor.com/Rets/GetRetsMedia.ashx?Key=30297420&TableID=9&Type=1&Number=20&Size=5&usd=-1&ust=N5sAAAnTST9ED3GP3MtJtCvn3txAd1(d*Yx0vV6LB2TAipa0MWbadw))","https://matrixrets.abor.com/Rets/GetRetsMedia.ashx?Key=30297420&TableID=9&Type=1&Number=19&Size=5&usd=-1&ust=N5sAAAnTST9ED3GP3MtJtCvn3txAd1(d*Yx0vV6LB2TAipa0MWbadw))","https://matrixrets.abor.com/Rets/GetRetsMedia.ashx?Key=30297420&TableID=9&Type=1&Number=22&Size=5&usd=-1&ust=N5sAAAnTST9ED3GP3MtJtCvn3txAd1(d*Yx0vV6LB2TAipa0MWbadw))","https://matrixrets.abor.com/Rets/GetRetsMedia.ashx?Key=30297420&TableID=9&Type=1&Number=21&Size=5&usd=-1&ust=N5sAAAnTST9ED3GP3MtJtCvn3txAd1(d*Yx0vV6LB2TAipa0MWbadw))","https://matrixrets.abor.com/Rets/GetRetsMedia.ashx?Key=30297420&TableID=9&Type=1&Number=24&Size=5&usd=-1&ust=N5sAAAnTST9ED3GP3MtJtCvn3txAd1(d*Yx0vV6LB2TAipa0MWbadw))","https://matrixrets.abor.com/Rets/GetRetsMedia.ashx?Key=30297420&TableID=9&Type=1&Number=23&Size=5&usd=-1&ust=N5sAAAnTST9ED3GP3MtJtCvn3txAd1(d*Yx0vV6LB2TAipa0MWbadw))","https://matrixrets.abor.com/Rets/GetRetsMedia.ashx?Key=30297420&TableID=9&Type=1&Number=26&Size=5&usd=-1&ust=N5sAAAnTST9ED3GP3MtJtCvn3txAd1(d*Yx0vV6LB2TAipa0MWbadw))","https://matrixrets.abor.com/Rets/GetRetsMedia.ashx?Key=30297420&TableID=9&Type=1&Number=25&Size=5&usd=-1&ust=N5sAAAnTST9ED3GP3MtJtCvn3txAd1(d*Yx0vV6LB2TAipa0MWbadw))","https://matrixrets.abor.com/Rets/GetRetsMedia.ashx?Key=30297420&TableID=9&Type=1&Number=28&Size=5&usd=-1&ust=N5sAAAnTST9ED3GP3MtJtCvn3txAd1(d*Yx0vV6LB2TAipa0MWbadw))","https://matrixrets.abor.com/Rets/GetRetsMedia.ashx?Key=30297420&TableID=9&Type=1&Number=27&Size=5&usd=-1&ust=N5sAAAnTST9ED3GP3MtJtCvn3txAd1(d*Yx0vV6LB2TAipa0MWbadw))","https://matrixrets.abor.com/Rets/GetRetsMedia.ashx?Key=30297420&TableID=9&Type=1&Number=30&Size=5&usd=-1&ust=N5sAAAnTST9ED3GP3MtJtCvn3txAd1(d*Yx0vV6LB2TAipa0MWbadw))","https://matrixrets.abor.com/Rets/GetRetsMedia.ashx?Key=30297420&TableID=9&Type=1&Number=29&Size=5&usd=-1&ust=N5sAAAnTST9ED3GP3MtJtCvn3txAd1(d*Yx0vV6LB2TAipa0MWbadw))","https://matrixrets.abor.com/Rets/GetRetsMedia.ashx?Key=30297420&TableID=9&Type=1&Number=31&Size=5&usd=-1&ust=N5sAAAnTST9ED3GP3MtJtCvn3txAd1(d*Yx0vV6LB2TAipa0MWbadw))"}','Active');
INSERT INTO listing VALUES ('LST-6587377347317014530-1','{"letterbox":{},"street":{"name":"Sabine","suffix":"St"},"display":"507 Sabine St","streetName":"Sabine","streetNo":"507","streetSuffix":"St","streetDirection":null,"streetPostDirection":null,"unitNo":"505","zipcode":"78701","zip4":null,"city":"Austin","state":"TX","stateLowerCase":"tx","cityLowerCase":"austin","cityAndStateLowerCase":"austin, tx","country":null}'::jsonb, 549000, 1456, 2, 2.1, '{"https://matrixrets.abor.com/Rets/GetRetsMedia.ashx?Key=32595210&TableID=9&Type=1&Number=0&Size=5&usd=-1&ust=N5sAABTYST8q8QDX5vYF7jyWfpX2LrxxkuIpCgIWtaYskXr9i7oS1A))","https://matrixrets.abor.com/Rets/GetRetsMedia.ashx?Key=32595210&TableID=9&Type=1&Number=1&Size=5&usd=-1&ust=N5sAABTYST8q8QDX5vYF7jyWfpX2LrxxkuIpCgIWtaYskXr9i7oS1A))","https://matrixrets.abor.com/Rets/GetRetsMedia.ashx?Key=32595210&TableID=9&Type=1&Number=2&Size=5&usd=-1&ust=N5sAABTYST8q8QDX5vYF7jyWfpX2LrxxkuIpCgIWtaYskXr9i7oS1A))","https://matrixrets.abor.com/Rets/GetRetsMedia.ashx?Key=32595210&TableID=9&Type=1&Number=3&Size=5&usd=-1&ust=N5sAABTYST8q8QDX5vYF7jyWfpX2LrxxkuIpCgIWtaYskXr9i7oS1A))","https://matrixrets.abor.com/Rets/GetRetsMedia.ashx?Key=32595210&TableID=9&Type=1&Number=4&Size=5&usd=-1&ust=N5sAABTYST8q8QDX5vYF7jyWfpX2LrxxkuIpCgIWtaYskXr9i7oS1A))","https://matrixrets.abor.com/Rets/GetRetsMedia.ashx?Key=32595210&TableID=9&Type=1&Number=5&Size=5&usd=-1&ust=N5sAABTYST8q8QDX5vYF7jyWfpX2LrxxkuIpCgIWtaYskXr9i7oS1A))","https://matrixrets.abor.com/Rets/GetRetsMedia.ashx?Key=32595210&TableID=9&Type=1&Number=6&Size=5&usd=-1&ust=N5sAABTYST8q8QDX5vYF7jyWfpX2LrxxkuIpCgIWtaYskXr9i7oS1A))","https://matrixrets.abor.com/Rets/GetRetsMedia.ashx?Key=32595210&TableID=9&Type=1&Number=7&Size=5&usd=-1&ust=N5sAABTYST8q8QDX5vYF7jyWfpX2LrxxkuIpCgIWtaYskXr9i7oS1A))","https://matrixrets.abor.com/Rets/GetRetsMedia.ashx?Key=32595210&TableID=9&Type=1&Number=8&Size=5&usd=-1&ust=N5sAABTYST8q8QDX5vYF7jyWfpX2LrxxkuIpCgIWtaYskXr9i7oS1A))","https://matrixrets.abor.com/Rets/GetRetsMedia.ashx?Key=32595210&TableID=9&Type=1&Number=9&Size=5&usd=-1&ust=N5sAABTYST8q8QDX5vYF7jyWfpX2LrxxkuIpCgIWtaYskXr9i7oS1A))","https://matrixrets.abor.com/Rets/GetRetsMedia.ashx?Key=32595210&TableID=9&Type=1&Number=10&Size=5&usd=-1&ust=N5sAABTYST8q8QDX5vYF7jyWfpX2LrxxkuIpCgIWtaYskXr9i7oS1A))","https://matrixrets.abor.com/Rets/GetRetsMedia.ashx?Key=32595210&TableID=9&Type=1&Number=11&Size=5&usd=-1&ust=N5sAABTYST8q8QDX5vYF7jyWfpX2LrxxkuIpCgIWtaYskXr9i7oS1A))","https://matrixrets.abor.com/Rets/GetRetsMedia.ashx?Key=32595210&TableID=9&Type=1&Number=12&Size=5&usd=-1&ust=N5sAABTYST8q8QDX5vYF7jyWfpX2LrxxkuIpCgIWtaYskXr9i7oS1A))","https://matrixrets.abor.com/Rets/GetRetsMedia.ashx?Key=32595210&TableID=9&Type=1&Number=13&Size=5&usd=-1&ust=N5sAABTYST8q8QDX5vYF7jyWfpX2LrxxkuIpCgIWtaYskXr9i7oS1A))","https://matrixrets.abor.com/Rets/GetRetsMedia.ashx?Key=32595210&TableID=9&Type=1&Number=14&Size=5&usd=-1&ust=N5sAABTYST8q8QDX5vYF7jyWfpX2LrxxkuIpCgIWtaYskXr9i7oS1A))","https://matrixrets.abor.com/Rets/GetRetsMedia.ashx?Key=32595210&TableID=9&Type=1&Number=16&Size=5&usd=-1&ust=N5sAABTYST8q8QDX5vYF7jyWfpX2LrxxkuIpCgIWtaYskXr9i7oS1A))","https://matrixrets.abor.com/Rets/GetRetsMedia.ashx?Key=32595210&TableID=9&Type=1&Number=15&Size=5&usd=-1&ust=N5sAABTYST8q8QDX5vYF7jyWfpX2LrxxkuIpCgIWtaYskXr9i7oS1A))","https://matrixrets.abor.com/Rets/GetRetsMedia.ashx?Key=32595210&TableID=9&Type=1&Number=18&Size=5&usd=-1&ust=N5sAABTYST8q8QDX5vYF7jyWfpX2LrxxkuIpCgIWtaYskXr9i7oS1A))","https://matrixrets.abor.com/Rets/GetRetsMedia.ashx?Key=32595210&TableID=9&Type=1&Number=17&Size=5&usd=-1&ust=N5sAABTYST8q8QDX5vYF7jyWfpX2LrxxkuIpCgIWtaYskXr9i7oS1A))"}','Sold');
INSERT INTO listing VALUES ('LST-6582785402590236672-7', '{"city": "Austin", "zip4": null, "state": "TX", "street": {"name": "Guadalupe"}, "unitNo": "209", "country": null, "display": "1212 Guadalupe", "zipcode": "78701", "streetNo": "1212", "letterbox": {}, "streetName": "Guadalupe", "streetSuffix": null, "cityLowerCase": "austin", "stateLowerCase": "tx", "streetDirection": null, "streetPostDirection": null, "cityAndStateLowerCase": "austin, tx"}', '$1,795,000.00', 454, 1, 1, '{https://matrixrets.abor.com/Rets/GetRetsMedia.ashx?Key=32247402&TableID=9&Type=1&Number=0&Size=5&usd=-1&ust=N5sAAL*wSD*c5DlDf9HrIAnebZU6X5aBItbFAEs9u3dLyeHRTy4VDw)),https://matrixrets.abor.com/Rets/GetRetsMedia.ashx?Key=32247402&TableID=9&Type=1&Number=1&Size=5&usd=-1&ust=N5sAAL*wSD*c5DlDf9HrIAnebZU6X5aBItbFAEs9u3dLyeHRTy4VDw)),https://matrixrets.abor.com/Rets/GetRetsMedia.ashx?Key=32247402&TableID=9&Type=1&Number=2&Size=5&usd=-1&ust=N5sAAL*wSD*c5DlDf9HrIAnebZU6X5aBItbFAEs9u3dLyeHRTy4VDw)),https://matrixrets.abor.com/Rets/GetRetsMedia.ashx?Key=32247402&TableID=9&Type=1&Number=3&Size=5&usd=-1&ust=N5sAAL*wSD*c5DlDf9HrIAnebZU6X5aBItbFAEs9u3dLyeHRTy4VDw)),https://matrixrets.abor.com/Rets/GetRetsMedia.ashx?Key=32247402&TableID=9&Type=1&Number=4&Size=5&usd=-1&ust=N5sAAL*wSD*c5DlDf9HrIAnebZU6X5aBItbFAEs9u3dLyeHRTy4VDw)),https://matrixrets.abor.com/Rets/GetRetsMedia.ashx?Key=32247402&TableID=9&Type=1&Number=5&Size=5&usd=-1&ust=N5sAAL*wSD*c5DlDf9HrIAnebZU6X5aBItbFAEs9u3dLyeHRTy4VDw)),https://matrixrets.abor.com/Rets/GetRetsMedia.ashx?Key=32247402&TableID=9&Type=1&Number=6&Size=5&usd=-1&ust=N5sAAL*wSD*c5DlDf9HrIAnebZU6X5aBItbFAEs9u3dLyeHRTy4VDw)),https://matrixrets.abor.com/Rets/GetRetsMedia.ashx?Key=32247402&TableID=9&Type=1&Number=7&Size=5&usd=-1&ust=N5sAAL*wSD*c5DlDf9HrIAnebZU6X5aBItbFAEs9u3dLyeHRTy4VDw)),https://matrixrets.abor.com/Rets/GetRetsMedia.ashx?Key=32247402&TableID=9&Type=1&Number=8&Size=5&usd=-1&ust=N5sAAL*wSD*c5DlDf9HrIAnebZU6X5aBItbFAEs9u3dLyeHRTy4VDw)),https://matrixrets.abor.com/Rets/GetRetsMedia.ashx?Key=32247402&TableID=9&Type=1&Number=9&Size=5&usd=-1&ust=N5sAAL*wSD*c5DlDf9HrIAnebZU6X5aBItbFAEs9u3dLyeHRTy4VDw)),https://matrixrets.abor.com/Rets/GetRetsMedia.ashx?Key=32247402&TableID=9&Type=1&Number=10&Size=5&usd=-1&ust=N5sAAL*wSD*c5DlDf9HrIAnebZU6X5aBItbFAEs9u3dLyeHRTy4VDw))}', 'Off_Market');
INSERT INTO listing VALUES ('LST-6582777579465023497-1', '{"city": "Austin", "zip4": "4188", "state": "TX", "street": {"name": "Sabine", "suffix": "Street"}, "unitNo": "1001", "country": null, "display": "507 Sabine Street", "zipcode": "78701", "streetNo": "507", "letterbox": {}, "streetName": "Sabine", "streetSuffix": "Street", "cityLowerCase": "austin", "stateLowerCase": "tx", "streetDirection": null, "streetPostDirection": null, "cityAndStateLowerCase": "austin, tx"}', '$1,675,000.00', 1419, 2, 2, '{http://photos.harstatic.com/172292409/hr/img-1.jpeg,http://photos.harstatic.com/172292409/hr/img-2.jpeg,http://photos.harstatic.com/172292409/hr/img-3.jpeg,http://photos.harstatic.com/172292409/hr/img-4.jpeg,http://photos.harstatic.com/172292409/hr/img-5.jpeg,http://photos.harstatic.com/172292409/hr/img-6.jpeg,http://photos.harstatic.com/172292409/hr/img-7.jpeg,http://photos.harstatic.com/172292409/hr/img-8.jpeg,http://photos.harstatic.com/172292409/hr/img-9.jpeg}', 'Off_Market');
INSERT INTO listing_set_listing VALUES('COL-6676165126244179968-4', 'LST-6587207089313091590-5');
INSERT INTO listing_set_listing VALUES('COL-6676165126244179968-4', 'LST-6582806286953660427-1');
INSERT INTO listing_set_listing VALUES('COL-6676165126244179968-4', 'LST-6582789278615216132-2');
INSERT INTO listing_set_listing VALUES('COL-6676165126244179968-4', 'LST-6582806326627119107-8');
INSERT INTO listing_set_listing VALUES('COL-6676165126244179968-4', 'LST-6587377347317014530-1');
INSERT INTO listing_set_listing VALUES('COL-6676165126244179968-4', 'LST-6582789011498139658-3');
INSERT INTO listing_set_listing VALUES('COL-6676165126244179968-4', 'LST-6582785402590236672-7');
INSERT INTO listing_set_listing VALUES('COL-6676165126244179968-4', 'LST-6582777579465023497-1');
INSERT INTO listing_set_listing VALUES('COL-6660969455580667904-1', 'LST-6582789009921683460-9');
INSERT INTO listing_set_listing VALUES('COL-6674328160706854912-3', 'LST-6582789009921683460-9');
INSERT INTO listing_set_listing VALUES('COL-6674328160706854912-3', 'LST-6587207089313091590-5');
INSERT INTO listing_set_listing VALUES('COL-6674328160706854912-3', 'LST-6582785399804944384-3');
INSERT INTO listing_set_listing VALUES('COL-6674328160706854912-3', 'LST-6582806286953660427-1');
INSERT INTO listing_set_listing VALUES('COL-6674328315925463040-4', 'LST-6582806320465186823-0');
INSERT INTO listing_update (id, ts, update_type, listing_id, update_details) VALUES (55, '2020-08-03 10:29:35.312000', 'openhouse', 'LST-6582789278615216132-2', '{"end": "2019-09-14T15:00:00", "start": "2019-09-14T12:00:00", "description": "Come by and check out this wonderful home! Great location in the Palisades Community!"}');
INSERT INTO listing_update (id, ts, update_type, listing_id, update_details) VALUES (56, '2020-08-03 10:29:35.312000', 'openhouse', 'LST-6582789278615216132-2', '{"end": "2019-10-14T15:00:00", "start": "2019-10-14T12:00:00", "description": "Another open house"}');
INSERT INTO listing_update (id, ts, update_type, listing_id, update_details) VALUES (57, '2020-08-03 10:29:35.312000', 'new', 'LST-6582789278615216132-2', '{"addedDate": "2020-08-03T10:29:35.312000"}');
INSERT INTO listing_update (id, ts, update_type, listing_id, update_details) VALUES (58, '2020-08-03 10:29:35.312000', 'price', 'LST-6582789278615216132-2', '{"delta": 507000}');
INSERT INTO listing_update (id, ts, update_type, listing_id, update_details) VALUES (59, '2020-08-03 10:29:35.312000', 'status', 'LST-6582789278615216132-2', '{"oldStatus": "Off_Market"}');
INSERT INTO listing_update (id, ts, update_type, listing_id, update_details) VALUES (60, '2020-08-03 10:29:35.312000', 'openhouse', 'LST-6582806320465186823-0', '{"end": "2019-09-14T15:00:00", "start": "2019-09-14T12:00:00", "description": "Come by and check out this wonderful home! Great location in the Palisades Community!"}');
INSERT INTO listing_update (id, ts, update_type, listing_id, update_details) VALUES (61, '2020-08-03 10:29:35.312000', 'openhouse', 'LST-6582806320465186823-0', '{"end": "2019-10-14T15:00:00", "start": "2019-10-14T12:00:00", "description": "Another open house"}');
INSERT INTO listing_update (id, ts, update_type, listing_id, update_details) VALUES (62, '2020-08-03 10:29:35.312000', 'new', 'LST-6582806320465186823-0', '{"addedDate": "2020-08-03T10:29:35.312000"}');
INSERT INTO listing_update (id, ts, update_type, listing_id, update_details) VALUES (63, '2020-08-03 10:29:35.312000', 'price', 'LST-6582806320465186823-0', '{"delta": 507000}');
INSERT INTO listing_update (id, ts, update_type, listing_id, update_details) VALUES (64, '2020-08-03 10:29:35.312000', 'status', 'LST-6582806320465186823-0', '{"oldStatus": "Active"}');
INSERT INTO listing_update (id, ts, update_type, listing_id, update_details) VALUES (65, '2020-08-03 10:29:35.312000', 'openhouse', 'LST-6582806326627119107-8', '{"end": "2019-09-14T15:00:00", "start": "2019-09-14T12:00:00", "description": "Come by and check out this wonderful home! Great location in the Palisades Community!"}');
INSERT INTO listing_update (id, ts, update_type, listing_id, update_details) VALUES (66, '2020-08-03 10:29:35.312000', 'openhouse', 'LST-6582806326627119107-8', '{"end": "2019-10-14T15:00:00", "start": "2019-10-14T12:00:00", "description": "Another open house"}');
INSERT INTO listing_update (id, ts, update_type, listing_id, update_details) VALUES (67, '2020-08-03 10:29:35.312000', 'new', 'LST-6582806326627119107-8', '{"addedDate": "2020-08-03T10:29:35.312000"}');
INSERT INTO listing_update (id, ts, update_type, listing_id, update_details) VALUES (68, '2020-08-03 10:29:35.312000', 'price', 'LST-6582806326627119107-8', '{"delta": 507000}');
INSERT INTO listing_update (id, ts, update_type, listing_id, update_details) VALUES (69, '2020-08-03 10:29:35.312000', 'status', 'LST-6582806326627119107-8', '{"oldStatus": "Active"}');
INSERT INTO listing_update (id, ts, update_type, listing_id, update_details) VALUES (70, '2020-08-03 10:29:35.312000', 'openhouse', 'LST-6587377347317014530-1', '{"end": "2019-09-14T15:00:00", "start": "2019-09-14T12:00:00", "description": "Come by and check out this wonderful home! Great location in the Palisades Community!"}');
INSERT INTO listing_update (id, ts, update_type, listing_id, update_details) VALUES (71, '2020-08-03 10:29:35.312000', 'openhouse', 'LST-6587377347317014530-1', '{"end": "2019-10-14T15:00:00", "start": "2019-10-14T12:00:00", "description": "Another open house"}');
INSERT INTO listing_update (id, ts, update_type, listing_id, update_details) VALUES (72, '2020-08-03 10:29:35.312000', 'new', 'LST-6587377347317014530-1', '{"addedDate": "2020-08-03T10:29:35.312000"}');
INSERT INTO listing_update (id, ts, update_type, listing_id, update_details) VALUES (73, '2020-08-03 10:29:35.312000', 'price', 'LST-6587377347317014530-1', '{"delta": 507000}');
INSERT INTO listing_update (id, ts, update_type, listing_id, update_details) VALUES (74, '2020-08-03 10:29:35.312000', 'status', 'LST-6587377347317014530-1', '{"oldStatus": "Sold"}');
INSERT INTO listing_update (id, ts, update_type, listing_id, update_details) VALUES (75, '2020-08-03 10:29:35.312000', 'openhouse', 'LST-6582789011498139658-3', '{"end": "2019-09-14T15:00:00", "start": "2019-09-14T12:00:00", "description": "Come by and check out this wonderful home! Great location in the Palisades Community!"}');
INSERT INTO listing_update (id, ts, update_type, listing_id, update_details) VALUES (76, '2020-08-03 10:29:35.312000', 'openhouse', 'LST-6582789011498139658-3', '{"end": "2019-10-14T15:00:00", "start": "2019-10-14T12:00:00", "description": "Another open house"}');
INSERT INTO listing_update (id, ts, update_type, listing_id, update_details) VALUES (77, '2020-08-03 10:29:35.312000', 'new', 'LST-6582789011498139658-3', '{"addedDate": "2020-08-03T10:29:35.312000"}');
INSERT INTO listing_update (id, ts, update_type, listing_id, update_details) VALUES (78, '2020-08-03 10:29:35.312000', 'price', 'LST-6582789011498139658-3', '{"delta": 507000}');
INSERT INTO listing_update (id, ts, update_type, listing_id, update_details) VALUES (79, '2020-08-03 10:29:35.312000', 'status', 'LST-6582789011498139658-3', '{"oldStatus": "Off_Market"}');
INSERT INTO listing_update (id, ts, update_type, listing_id, update_details) VALUES (80, '2020-08-03 10:29:35.312000', 'openhouse', 'LST-6587207089313091590-5', '{"end": "2019-09-14T15:00:00", "start": "2019-09-14T12:00:00", "description": "Come by and check out this wonderful home! Great location in the Palisades Community!"}');
INSERT INTO listing_update (id, ts, update_type, listing_id, update_details) VALUES (81, '2020-08-03 10:29:35.312000', 'openhouse', 'LST-6587207089313091590-5', '{"end": "2019-10-14T15:00:00", "start": "2019-10-14T12:00:00", "description": "Another open house"}');
INSERT INTO listing_update (id, ts, update_type, listing_id, update_details) VALUES (82, '2020-08-03 10:29:35.312000', 'new', 'LST-6587207089313091590-5', '{"addedDate": "2020-08-03T10:29:35.312000"}');
INSERT INTO listing_update (id, ts, update_type, listing_id, update_details) VALUES (83, '2020-08-03 10:29:35.312000', 'price', 'LST-6587207089313091590-5', '{"delta": 507000}');
INSERT INTO listing_update (id, ts, update_type, listing_id, update_details) VALUES (84, '2020-08-03 10:29:35.312000', 'status', 'LST-6587207089313091590-5', '{"oldStatus": "Active"}');
INSERT INTO listing_update (id, ts, update_type, listing_id, update_details) VALUES (85, '2020-08-03 10:29:35.312000', 'openhouse', 'LST-6582806286953660427-1', '{"end": "2019-09-14T15:00:00", "start": "2019-09-14T12:00:00", "description": "Come by and check out this wonderful home! Great location in the Palisades Community!"}');
INSERT INTO listing_update (id, ts, update_type, listing_id, update_details) VALUES (86, '2020-08-03 10:29:35.312000', 'new', 'LST-6582806286953660427-1', '{"addedDate": "2020-08-03T10:29:35.312000"}');
INSERT INTO listing_update (id, ts, update_type, listing_id, update_details) VALUES (87, '2020-08-03 10:29:35.312000', 'price', 'LST-6582806286953660427-1', '{"delta": 100000}');
INSERT INTO listing_update (id, ts, update_type, listing_id, update_details) VALUES (88, '2020-08-03 10:29:35.312000', 'status', 'LST-6582806286953660427-1', '{"oldStatus": "Sold"}');
INSERT INTO listing_update (id, ts, update_type, listing_id, update_details) VALUES (89, '2020-08-03 10:29:35.312000', 'openhouse', 'LST-6582785399804944384-3', '{"end": "2019-09-14T15:00:00", "start": "2019-09-14T12:00:00", "description": "Come by and check out this wonderful home! Great location in the Palisades Community!"}');
INSERT INTO listing_update (id, ts, update_type, listing_id, update_details) VALUES (90, '2020-08-03 10:29:35.312000', 'new', 'LST-6582785399804944384-3', '{"addedDate": "2020-08-03T10:29:35.312000"}');
INSERT INTO listing_update (id, ts, update_type, listing_id, update_details) VALUES (91, '2020-08-03 10:29:35.312000', 'price', 'LST-6582785399804944384-3', '{"delta": 5000}');
INSERT INTO listing_update (id, ts, update_type, listing_id, update_details) VALUES (92, '2020-08-03 10:29:35.312000', 'status', 'LST-6582785399804944384-3', '{"oldStatus": "Off_Market"}');
INSERT INTO listing_update (id, ts, update_type, listing_id, update_details) VALUES (93, '2020-08-03 10:29:35.312000', 'openhouse', 'LST-6582777579465023497-1', '{"end": "2019-09-14T15:00:00", "start": "2019-09-14T12:00:00", "description": "Come by and check out this wonderful home! Great location in the Palisades Community!"}');
INSERT INTO listing_update (id, ts, update_type, listing_id, update_details) VALUES (94, '2020-08-03 10:29:35.312000', 'new', 'LST-6582777579465023497-1', '{"addedDate": "2020-08-03T10:29:35.312000"}');
INSERT INTO listing_update (id, ts, update_type, listing_id, update_details) VALUES (95, '2020-08-03 10:29:35.312000', 'price', 'LST-6582777579465023497-1', '{"delta": -95000}');
INSERT INTO listing_update (id, ts, update_type, listing_id, update_details) VALUES (96, '2020-08-03 10:29:35.312000', 'status', 'LST-6582777579465023497-1', '{"oldStatus": "Active"}');
INSERT INTO listing_update (id, ts, update_type, listing_id, update_details) VALUES (97, '2020-08-03 10:29:35.312000', 'openhouse', 'LST-6582789009921683460-9', '{"end": "2019-09-14T15:00:00", "start": "2019-09-14T12:00:00", "description": "Come by and check out this wonderful home! Great location in the Palisades Community!"}');
INSERT INTO listing_update (id, ts, update_type, listing_id, update_details) VALUES (98, '2020-08-03 10:29:35.312000', 'new', 'LST-6582789009921683460-9', '{"addedDate": "2020-08-03T10:29:35.312000"}');
INSERT INTO listing_update (id, ts, update_type, listing_id, update_details) VALUES (99, '2020-08-03 10:29:35.312000', 'price', 'LST-6582789009921683460-9', '{"delta": -5000}');
INSERT INTO listing_update (id, ts, update_type, listing_id, update_details) VALUES (100, '2020-08-03 10:29:35.312000', 'status', 'LST-6582789009921683460-9', '{"oldStatus": "Active"}');
INSERT INTO listing_update (id, ts, update_type, listing_id, update_details) VALUES (102, '2020-08-03 10:29:35.312000', 'new', 'LST-6582785402590236672-7', '{"addedDate": "2020-08-03T10:29:35.312000"}');
INSERT INTO listing_update (id, ts, update_type, listing_id, update_details) VALUES (103, '2020-08-03 10:29:35.312000', 'price', 'LST-6582785402590236672-7', '{"delta": 15000}');
INSERT INTO listing_update (id, ts, update_type, listing_id, update_details) VALUES (104, '2020-08-03 10:29:35.312000', 'status', 'LST-6582785402590236672-7', '{"oldStatus": "Off_Market"}');
INSERT INTO open_house (id, listing_id, start_date_time, end_date_time, description) VALUES (21, 'LST-6582789278615216132-2', '2019-09-14 12:00:00.000000', '2019-09-14 15:00:00.000000', 'Come by and check out this wonderful home! Great location in the Palisades Community!');
INSERT INTO open_house (id, listing_id, start_date_time, end_date_time, description) VALUES (22, 'LST-6582789278615216132-2', '2019-10-14 12:00:00.000000', '2019-10-14 15:00:00.000000', 'Another open house');
INSERT INTO open_house (id, listing_id, start_date_time, end_date_time, description) VALUES (23, 'LST-6582806320465186823-0', '2019-09-14 12:00:00.000000', '2019-09-14 15:00:00.000000', 'Come by and check out this wonderful home! Great location in the Palisades Community!');
INSERT INTO open_house (id, listing_id, start_date_time, end_date_time, description) VALUES (24, 'LST-6582806320465186823-0', '2019-10-14 12:00:00.000000', '2019-10-14 15:00:00.000000', 'Another open house');
INSERT INTO open_house (id, listing_id, start_date_time, end_date_time, description) VALUES (25, 'LST-6582806326627119107-8', '2019-09-14 12:00:00.000000', '2019-09-14 15:00:00.000000', 'Come by and check out this wonderful home! Great location in the Palisades Community!');
INSERT INTO open_house (id, listing_id, start_date_time, end_date_time, description) VALUES (26, 'LST-6582806326627119107-8', '2019-10-14 12:00:00.000000', '2019-10-14 15:00:00.000000', 'Another open house');
INSERT INTO open_house (id, listing_id, start_date_time, end_date_time, description) VALUES (27, 'LST-6587377347317014530-1', '2019-09-14 12:00:00.000000', '2019-09-14 15:00:00.000000', 'Come by and check out this wonderful home! Great location in the Palisades Community!');
INSERT INTO open_house (id, listing_id, start_date_time, end_date_time, description) VALUES (28, 'LST-6587377347317014530-1', '2019-10-14 12:00:00.000000', '2019-10-14 15:00:00.000000', 'Another open house');
INSERT INTO open_house (id, listing_id, start_date_time, end_date_time, description) VALUES (29, 'LST-6582789011498139658-3', '2019-09-14 12:00:00.000000', '2019-09-14 15:00:00.000000', 'Come by and check out this wonderful home! Great location in the Palisades Community!');
INSERT INTO open_house (id, listing_id, start_date_time, end_date_time, description) VALUES (30, 'LST-6582789011498139658-3', '2019-10-14 12:00:00.000000', '2019-10-14 15:00:00.000000', 'Another open house');
INSERT INTO open_house (id, listing_id, start_date_time, end_date_time, description) VALUES (31, 'LST-6587207089313091590-5', '2019-09-14 12:00:00.000000', '2019-09-14 15:00:00.000000', 'Come by and check out this wonderful home! Great location in the Palisades Community!');
INSERT INTO open_house (id, listing_id, start_date_time, end_date_time, description) VALUES (32, 'LST-6587207089313091590-5', '2019-10-14 12:00:00.000000', '2019-10-14 15:00:00.000000', 'Another open house');
INSERT INTO open_house (id, listing_id, start_date_time, end_date_time, description) VALUES (33, 'LST-6582806286953660427-1', '2019-09-14 12:00:00.000000', '2019-09-14 15:00:00.000000', 'Come by and check out this wonderful home! Great location in the Palisades Community!');
INSERT INTO open_house (id, listing_id, start_date_time, end_date_time, description) VALUES (34, 'LST-6582785399804944384-3', '2019-09-14 12:00:00.000000', '2019-09-14 15:00:00.000000', 'Come by and check out this wonderful home! Great location in the Palisades Community!');
INSERT INTO open_house (id, listing_id, start_date_time, end_date_time, description) VALUES (35, 'LST-6582777579465023497-1', '2019-09-14 12:00:00.000000', '2019-09-14 15:00:00.000000', 'Come by and check out this wonderful home! Great location in the Palisades Community!');
INSERT INTO open_house (id, listing_id, start_date_time, end_date_time, description) VALUES (36, 'LST-6582789009921683460-9', '2019-09-14 12:00:00.000000', '2019-09-14 15:00:00.000000', 'Come by and check out this wonderful home! Great location in the Palisades Community!');